timestamp,layer,percentile,stat,value
1765426374.430471,0,0.9,p9000,0.0034356117248535156
1765426374.430471,0,0.95,p9500,0.0052700042724609375
1765426374.430471,0,0.99,p9900,0.01709747314453125
1765426374.430471,0,0.999,p9990,0.14537429809570312
1765426374.430471,0,0.9999,p9999,1.3017425537109375
1765426374.430471,0,,max,2.21142578125
1765426374.430471,1,0.9,p9000,0.0173492431640625
1765426374.430471,1,0.95,p9500,0.027133941650390625
1765426374.430471,1,0.99,p9900,0.07740974426269531
1765426374.430471,1,0.999,p9990,0.4607582092285156
1765426374.430471,1,0.9999,p9999,83.994140625
1765426374.430471,1,,max,1480.25
1765426374.430471,2,0.9,p9000,0.0024242401123046875
1765426374.430471,2,0.95,p9500,0.0040493011474609375
1765426374.430471,2,0.99,p9900,0.014097213745117188
1765426374.430471,2,0.999,p9990,0.07577228546142578
1765426374.430471,2,0.9999,p9999,0.3826751708984375
1765426374.430471,2,,max,4.625
1765426374.430471,3,0.9,p9000,0.004329681396484375
1765426374.430471,3,0.95,p9500,0.007095813751220703
1765426374.430471,3,0.99,p9900,0.018321990966796875
1765426374.430471,3,0.999,p9990,0.04796648025512695
1765426374.430471,3,0.9999,p9999,0.1181793212890625
1765426374.430471,3,,max,2.34912109375
1765426374.430471,4,0.9,p9000,0.00931549072265625
1765426374.430471,4,0.95,p9500,0.01493072509765625
1765426374.430471,4,0.99,p9900,0.03786468505859375
1765426374.430471,4,0.999,p9990,0.11327838897705078
1765426374.430471,4,0.9999,p9999,5.75830078125
1765426374.430471,4,,max,11.412109375
1765426374.430471,5,0.9,p9000,0.009044647216796875
1765426374.430471,5,0.95,p9500,0.013286590576171875
1765426374.430471,5,0.99,p9900,0.027667999267578125
1765426374.430471,5,0.999,p9990,0.06597328186035156
1765426374.430471,5,0.9999,p9999,0.14200973510742188
1765426374.430471,5,,max,2.5390625
1765426374.430471,6,0.9,p9000,0.008487701416015625
1765426374.430471,6,0.95,p9500,0.012310028076171875
1765426374.430471,6,0.99,p9900,0.026737213134765625
1765426374.430471,6,0.999,p9990,0.07436847686767578
1765426374.430471,6,0.9999,p9999,0.15920257568359375
1765426374.430471,6,,max,4.3125
1765426374.430471,7,0.9,p9000,0.0097808837890625
1765426374.430471,7,0.95,p9500,0.013759613037109375
1765426374.430471,7,0.99,p9900,0.02770233154296875
1765426374.430471,7,0.999,p9990,0.07601642608642578
1765426374.430471,7,0.9999,p9999,0.1688251495361328
1765426374.430471,7,,max,2.80615234375
1765426374.430471,8,0.9,p9000,0.0098876953125
1765426374.430471,8,0.95,p9500,0.0140533447265625
1765426374.430471,8,0.99,p9900,0.030457019805908203
1765426374.430471,8,0.999,p9990,0.09206867218017578
1765426374.430471,8,0.9999,p9999,0.2060070037841797
1765426374.430471,8,,max,7.8447265625
1765426374.430471,9,0.9,p9000,0.010084152221679688
1765426374.430471,9,0.95,p9500,0.014766693115234375
1765426374.430471,9,0.99,p9900,0.0323486328125
1765426374.430471,9,0.999,p9990,0.10189247131347656
1765426374.430471,9,0.9999,p9999,0.2441234588623047
1765426374.430471,9,,max,6.0107421875
1765426374.430471,10,0.9,p9000,0.01070404052734375
1765426374.430471,10,0.95,p9500,0.015790939331054688
1765426374.430471,10,0.99,p9900,0.03833770751953125
1765426374.430471,10,0.999,p9990,0.11769771575927734
1765426374.430471,10,0.9999,p9999,0.43233489990234375
1765426374.430471,10,,max,2.34765625
1765426374.430471,11,0.9,p9000,0.010816574096679688
1765426374.430471,11,0.95,p9500,0.01666259765625
1765426374.430471,11,0.99,p9900,0.041778564453125
1765426374.430471,11,0.999,p9990,0.13063430786132812
1765426374.430471,11,0.9999,p9999,0.3500938415527344
1765426374.430471,11,,max,6.2890625
1765426374.430471,12,0.9,p9000,0.01026153564453125
1765426374.430471,12,0.95,p9500,0.015478134155273438
1765426374.430471,12,0.99,p9900,0.039467811584472656
1765426374.430471,12,0.999,p9990,0.12403106689453125
1765426374.430471,12,0.9999,p9999,0.2885932922363281
1765426374.430471,12,,max,4.29833984375
1765426374.430471,13,0.9,p9000,0.010644912719726562
1765426374.430471,13,0.95,p9500,0.016523361206054688
1765426374.430471,13,0.99,p9900,0.046036720275878906
1765426374.430471,13,0.999,p9990,0.1479206085205078
1765426374.430471,13,0.9999,p9999,0.4284477233886719
1765426374.430471,13,,max,4.798828125
1765426374.430471,14,0.9,p9000,0.01068878173828125
1765426374.430471,14,0.95,p9500,0.01659393310546875
1765426374.430471,14,0.99,p9900,0.050484657287597656
1765426374.430471,14,0.999,p9990,0.15845489501953125
1765426374.430471,14,0.9999,p9999,0.3652076721191406
1765426374.430471,14,,max,5.6689453125
1765426374.430471,15,0.9,p9000,0.011892318725585938
1765426374.430471,15,0.95,p9500,0.019115447998046875
1765426374.430471,15,0.99,p9900,0.06201171875
1765426374.430471,15,0.999,p9990,0.22485733032226562
1765426374.430471,15,0.9999,p9999,0.486358642578125
1765426374.430471,15,,max,6.86328125
1765426374.430471,16,0.9,p9000,0.012624740600585938
1765426374.430471,16,0.95,p9500,0.02075958251953125
1765426374.430471,16,0.99,p9900,0.0653839111328125
1765426374.430471,16,0.999,p9990,0.23435211181640625
1765426374.430471,16,0.9999,p9999,1.1578216552734375
1765426374.430471,16,,max,18.44140625
1765426374.430471,17,0.9,p9000,0.010768890380859375
1765426374.430471,17,0.95,p9500,0.01854705810546875
1765426374.430471,17,0.99,p9900,0.0632476806640625
1765426374.430471,17,0.999,p9990,0.22801780700683594
1765426374.430471,17,0.9999,p9999,0.7663421630859375
1765426374.430471,17,,max,8.47265625
1765426374.430471,18,0.9,p9000,0.011180877685546875
1765426374.430471,18,0.95,p9500,0.02028656005859375
1765426374.430471,18,0.99,p9900,0.073822021484375
1765426374.430471,18,0.999,p9990,0.24231719970703125
1765426374.430471,18,0.9999,p9999,0.697723388671875
1765426374.430471,18,,max,29.875
1765426374.430471,19,0.9,p9000,0.01219940185546875
1765426374.430471,19,0.95,p9500,0.021846771240234375
1765426374.430471,19,0.99,p9900,0.075103759765625
1765426374.430471,19,0.999,p9990,0.2498493194580078
1765426374.430471,19,0.9999,p9999,1.2140960693359375
1765426374.430471,19,,max,15.90625
1765426374.430471,20,0.9,p9000,0.012887954711914062
1765426374.430471,20,0.95,p9500,0.0225830078125
1765426374.430471,20,0.99,p9900,0.0749664306640625
1765426374.430471,20,0.999,p9990,0.2154560089111328
1765426374.430471,20,0.9999,p9999,0.5738906860351562
1765426374.430471,20,,max,6.3056640625
1765426374.430471,21,0.9,p9000,0.013713836669921875
1765426374.430471,21,0.95,p9500,0.024200439453125
1765426374.430471,21,0.99,p9900,0.07844734191894531
1765426374.430471,21,0.999,p9990,0.21604156494140625
1765426374.430471,21,0.9999,p9999,0.5258026123046875
1765426374.430471,21,,max,12.8291015625
1765426374.430471,22,0.9,p9000,0.013883590698242188
1765426374.430471,22,0.95,p9500,0.023952484130859375
1765426374.430471,22,0.99,p9900,0.0736846923828125
1765426374.430471,22,0.999,p9990,0.21039581298828125
1765426374.430471,22,0.9999,p9999,0.521270751953125
1765426374.430471,22,,max,10.556640625
1765426374.430471,23,0.9,p9000,0.013957977294921875
1765426374.430471,23,0.95,p9500,0.023708343505859375
1765426374.430471,23,0.99,p9900,0.0747833251953125
1765426374.430471,23,0.999,p9990,0.2247447967529297
1765426374.430471,23,0.9999,p9999,0.5869369506835938
1765426374.430471,23,,max,11.43359375
1765426374.430471,24,0.9,p9000,0.013895034790039062
1765426374.430471,24,0.95,p9500,0.023761749267578125
1765426374.430471,24,0.99,p9900,0.0745086669921875
1765426374.430471,24,0.999,p9990,0.20754432678222656
1765426374.430471,24,0.9999,p9999,0.5251121520996094
1765426374.430471,24,,max,10.115234375
1765426374.430471,25,0.9,p9000,0.015325546264648438
1765426374.430471,25,0.95,p9500,0.027133941650390625
1765426374.430471,25,0.99,p9900,0.0881805419921875
1765426374.430471,25,0.999,p9990,0.259429931640625
1765426374.430471,25,0.9999,p9999,0.7088623046875
1765426374.430471,25,,max,8.9912109375
1765426374.430471,26,0.9,p9000,0.017375946044921875
1765426374.430471,26,0.95,p9500,0.03133392333984375
1765426374.430471,26,0.99,p9900,0.10299873352050781
1765426374.430471,26,0.999,p9990,0.3031883239746094
1765426374.430471,26,0.9999,p9999,0.659698486328125
1765426374.430471,26,,max,10.4130859375
1765426374.430471,27,0.9,p9000,0.019321441650390625
1765426374.430471,27,0.95,p9500,0.0361480712890625
1765426374.430471,27,0.99,p9900,0.131683349609375
1765426374.430471,27,0.999,p9990,0.4258918762207031
1765426374.430471,27,0.9999,p9999,1.184722900390625
1765426374.430471,27,,max,11.5810546875
1765426374.430471,28,0.9,p9000,0.0224761962890625
1765426374.430471,28,0.95,p9500,0.04412841796875
1765426374.430471,28,0.99,p9900,0.169647216796875
1765426374.430471,28,0.999,p9990,0.5531997680664062
1765426374.430471,28,0.9999,p9999,0.97552490234375
1765426374.430471,28,,max,8.3291015625
1765426374.430471,29,0.9,p9000,0.027759552001953125
1765426374.430471,29,0.95,p9500,0.05605316162109375
1765426374.430471,29,0.99,p9900,0.26807403564453125
1765426374.430471,29,0.999,p9990,0.6925582885742188
1765426374.430471,29,0.9999,p9999,2.0592041015625
1765426374.430471,29,,max,37.9609375
1765426374.430471,30,0.9,p9000,0.05037689208984375
1765426374.430471,30,0.95,p9500,0.106353759765625
1765426374.430471,30,0.99,p9900,0.49420166015625
1765426374.430471,30,0.999,p9990,1.3466033935546875
1765426374.430471,30,0.9999,p9999,35.574951171875
1765426374.430471,30,,max,2255.75
1765426374.430471,31,0.9,p9000,0.37109375
1765426374.430471,31,0.95,p9500,0.664794921875
1765426374.430471,31,0.99,p9900,2.177734375
1765426374.430471,31,0.999,p9990,8.2557373046875
1765426374.430471,31,0.9999,p9999,19.081787109375
1765426374.430471,31,,max,72.3125
1765428802.0378056,0,0.9,p9000,0.0034356117248535156
1765428802.0378056,0,0.95,p9500,0.0052700042724609375
1765428802.0378056,0,0.99,p9900,0.01709747314453125
1765428802.0378056,0,0.999,p9990,0.14537429809570312
1765428802.0378056,0,0.9999,p9999,1.3017425537109375
1765428802.0378056,0,,max,2.21142578125
1765428802.0378056,1,0.9,p9000,0.0173492431640625
1765428802.0378056,1,0.95,p9500,0.027133941650390625
1765428802.0378056,1,0.99,p9900,0.07740974426269531
1765428802.0378056,1,0.999,p9990,0.4607582092285156
1765428802.0378056,1,0.9999,p9999,83.994140625
1765428802.0378056,1,,max,1480.25
1765428802.0378056,2,0.9,p9000,0.0024242401123046875
1765428802.0378056,2,0.95,p9500,0.0040493011474609375
1765428802.0378056,2,0.99,p9900,0.014097213745117188
1765428802.0378056,2,0.999,p9990,0.07577228546142578
1765428802.0378056,2,0.9999,p9999,0.3826751708984375
1765428802.0378056,2,,max,4.625
1765428802.0378056,3,0.9,p9000,0.004329681396484375
1765428802.0378056,3,0.95,p9500,0.007095813751220703
1765428802.0378056,3,0.99,p9900,0.018321990966796875
1765428802.0378056,3,0.999,p9990,0.04796648025512695
1765428802.0378056,3,0.9999,p9999,0.1181793212890625
1765428802.0378056,3,,max,2.34912109375
1765428802.0378056,4,0.9,p9000,0.00931549072265625
1765428802.0378056,4,0.95,p9500,0.01493072509765625
1765428802.0378056,4,0.99,p9900,0.03786468505859375
1765428802.0378056,4,0.999,p9990,0.11327838897705078
1765428802.0378056,4,0.9999,p9999,5.75830078125
1765428802.0378056,4,,max,11.412109375
1765428802.0378056,5,0.9,p9000,0.009044647216796875
1765428802.0378056,5,0.95,p9500,0.013286590576171875
1765428802.0378056,5,0.99,p9900,0.027667999267578125
1765428802.0378056,5,0.999,p9990,0.06597328186035156
1765428802.0378056,5,0.9999,p9999,0.14200973510742188
1765428802.0378056,5,,max,2.5390625
1765428802.0378056,6,0.9,p9000,0.008487701416015625
1765428802.0378056,6,0.95,p9500,0.012310028076171875
1765428802.0378056,6,0.99,p9900,0.026737213134765625
1765428802.0378056,6,0.999,p9990,0.07436847686767578
1765428802.0378056,6,0.9999,p9999,0.15920257568359375
1765428802.0378056,6,,max,4.3125
1765428802.0378056,7,0.9,p9000,0.0097808837890625
1765428802.0378056,7,0.95,p9500,0.013759613037109375
1765428802.0378056,7,0.99,p9900,0.02770233154296875
1765428802.0378056,7,0.999,p9990,0.07601642608642578
1765428802.0378056,7,0.9999,p9999,0.1688251495361328
1765428802.0378056,7,,max,2.80615234375
1765428802.0378056,8,0.9,p9000,0.0098876953125
1765428802.0378056,8,0.95,p9500,0.0140533447265625
1765428802.0378056,8,0.99,p9900,0.030457019805908203
1765428802.0378056,8,0.999,p9990,0.09206867218017578
1765428802.0378056,8,0.9999,p9999,0.2060070037841797
1765428802.0378056,8,,max,7.8447265625
1765428802.0378056,9,0.9,p9000,0.010084152221679688
1765428802.0378056,9,0.95,p9500,0.014766693115234375
1765428802.0378056,9,0.99,p9900,0.0323486328125
1765428802.0378056,9,0.999,p9990,0.10189247131347656
1765428802.0378056,9,0.9999,p9999,0.2441234588623047
1765428802.0378056,9,,max,6.0107421875
1765428802.0378056,10,0.9,p9000,0.01070404052734375
1765428802.0378056,10,0.95,p9500,0.015790939331054688
1765428802.0378056,10,0.99,p9900,0.03833770751953125
1765428802.0378056,10,0.999,p9990,0.11769771575927734
1765428802.0378056,10,0.9999,p9999,0.43233489990234375
1765428802.0378056,10,,max,2.34765625
1765428802.0378056,11,0.9,p9000,0.010816574096679688
1765428802.0378056,11,0.95,p9500,0.01666259765625
1765428802.0378056,11,0.99,p9900,0.041778564453125
1765428802.0378056,11,0.999,p9990,0.13063430786132812
1765428802.0378056,11,0.9999,p9999,0.3500938415527344
1765428802.0378056,11,,max,6.2890625
1765428802.0378056,12,0.9,p9000,0.01026153564453125
1765428802.0378056,12,0.95,p9500,0.015478134155273438
1765428802.0378056,12,0.99,p9900,0.039467811584472656
1765428802.0378056,12,0.999,p9990,0.12403106689453125
1765428802.0378056,12,0.9999,p9999,0.2885932922363281
1765428802.0378056,12,,max,4.29833984375
1765428802.0378056,13,0.9,p9000,0.010644912719726562
1765428802.0378056,13,0.95,p9500,0.016523361206054688
1765428802.0378056,13,0.99,p9900,0.046036720275878906
1765428802.0378056,13,0.999,p9990,0.1479206085205078
1765428802.0378056,13,0.9999,p9999,0.4284477233886719
1765428802.0378056,13,,max,4.798828125
1765428802.0378056,14,0.9,p9000,0.01068878173828125
1765428802.0378056,14,0.95,p9500,0.01659393310546875
1765428802.0378056,14,0.99,p9900,0.050484657287597656
1765428802.0378056,14,0.999,p9990,0.15845489501953125
1765428802.0378056,14,0.9999,p9999,0.3652076721191406
1765428802.0378056,14,,max,5.6689453125
1765428802.0378056,15,0.9,p9000,0.011892318725585938
1765428802.0378056,15,0.95,p9500,0.019115447998046875
1765428802.0378056,15,0.99,p9900,0.06201171875
1765428802.0378056,15,0.999,p9990,0.22485733032226562
1765428802.0378056,15,0.9999,p9999,0.486358642578125
1765428802.0378056,15,,max,6.86328125
1765428802.0378056,16,0.9,p9000,0.012624740600585938
1765428802.0378056,16,0.95,p9500,0.02075958251953125
1765428802.0378056,16,0.99,p9900,0.0653839111328125
1765428802.0378056,16,0.999,p9990,0.23435211181640625
1765428802.0378056,16,0.9999,p9999,1.1578216552734375
1765428802.0378056,16,,max,18.44140625
1765428802.0378056,17,0.9,p9000,0.010768890380859375
1765428802.0378056,17,0.95,p9500,0.01854705810546875
1765428802.0378056,17,0.99,p9900,0.0632476806640625
1765428802.0378056,17,0.999,p9990,0.22801780700683594
1765428802.0378056,17,0.9999,p9999,0.7663421630859375
1765428802.0378056,17,,max,8.47265625
1765428802.0378056,18,0.9,p9000,0.011180877685546875
1765428802.0378056,18,0.95,p9500,0.02028656005859375
1765428802.0378056,18,0.99,p9900,0.073822021484375
1765428802.0378056,18,0.999,p9990,0.24231719970703125
1765428802.0378056,18,0.9999,p9999,0.697723388671875
1765428802.0378056,18,,max,29.875
1765428802.0378056,19,0.9,p9000,0.01219940185546875
1765428802.0378056,19,0.95,p9500,0.021846771240234375
1765428802.0378056,19,0.99,p9900,0.075103759765625
1765428802.0378056,19,0.999,p9990,0.2498493194580078
1765428802.0378056,19,0.9999,p9999,1.2140960693359375
1765428802.0378056,19,,max,15.90625
1765428802.0378056,20,0.9,p9000,0.012887954711914062
1765428802.0378056,20,0.95,p9500,0.0225830078125
1765428802.0378056,20,0.99,p9900,0.0749664306640625
1765428802.0378056,20,0.999,p9990,0.2154560089111328
1765428802.0378056,20,0.9999,p9999,0.5738906860351562
1765428802.0378056,20,,max,6.3056640625
1765428802.0378056,21,0.9,p9000,0.013713836669921875
1765428802.0378056,21,0.95,p9500,0.024200439453125
1765428802.0378056,21,0.99,p9900,0.07844734191894531
1765428802.0378056,21,0.999,p9990,0.21604156494140625
1765428802.0378056,21,0.9999,p9999,0.5258026123046875
1765428802.0378056,21,,max,12.8291015625
1765428802.0378056,22,0.9,p9000,0.013883590698242188
1765428802.0378056,22,0.95,p9500,0.023952484130859375
1765428802.0378056,22,0.99,p9900,0.0736846923828125
1765428802.0378056,22,0.999,p9990,0.21039581298828125
1765428802.0378056,22,0.9999,p9999,0.521270751953125
1765428802.0378056,22,,max,10.556640625
1765428802.0378056,23,0.9,p9000,0.013957977294921875
1765428802.0378056,23,0.95,p9500,0.023708343505859375
1765428802.0378056,23,0.99,p9900,0.0747833251953125
1765428802.0378056,23,0.999,p9990,0.2247447967529297
1765428802.0378056,23,0.9999,p9999,0.5869369506835938
1765428802.0378056,23,,max,11.43359375
1765428802.0378056,24,0.9,p9000,0.013895034790039062
1765428802.0378056,24,0.95,p9500,0.023761749267578125
1765428802.0378056,24,0.99,p9900,0.0745086669921875
1765428802.0378056,24,0.999,p9990,0.20754432678222656
1765428802.0378056,24,0.9999,p9999,0.5251121520996094
1765428802.0378056,24,,max,10.115234375
1765428802.0378056,25,0.9,p9000,0.015325546264648438
1765428802.0378056,25,0.95,p9500,0.027133941650390625
1765428802.0378056,25,0.99,p9900,0.0881805419921875
1765428802.0378056,25,0.999,p9990,0.259429931640625
1765428802.0378056,25,0.9999,p9999,0.7088623046875
1765428802.0378056,25,,max,8.9912109375
1765428802.0378056,26,0.9,p9000,0.017375946044921875
1765428802.0378056,26,0.95,p9500,0.03133392333984375
1765428802.0378056,26,0.99,p9900,0.10299873352050781
1765428802.0378056,26,0.999,p9990,0.3031883239746094
1765428802.0378056,26,0.9999,p9999,0.659698486328125
1765428802.0378056,26,,max,10.4130859375
1765428802.0378056,27,0.9,p9000,0.019321441650390625
1765428802.0378056,27,0.95,p9500,0.0361480712890625
1765428802.0378056,27,0.99,p9900,0.131683349609375
1765428802.0378056,27,0.999,p9990,0.4258918762207031
1765428802.0378056,27,0.9999,p9999,1.184722900390625
1765428802.0378056,27,,max,11.5810546875
1765428802.0378056,28,0.9,p9000,0.0224761962890625
1765428802.0378056,28,0.95,p9500,0.04412841796875
1765428802.0378056,28,0.99,p9900,0.169647216796875
1765428802.0378056,28,0.999,p9990,0.5531997680664062
1765428802.0378056,28,0.9999,p9999,0.97552490234375
1765428802.0378056,28,,max,8.3291015625
1765428802.0378056,29,0.9,p9000,0.027759552001953125
1765428802.0378056,29,0.95,p9500,0.05605316162109375
1765428802.0378056,29,0.99,p9900,0.26807403564453125
1765428802.0378056,29,0.999,p9990,0.6925582885742188
1765428802.0378056,29,0.9999,p9999,2.0592041015625
1765428802.0378056,29,,max,37.9609375
1765428802.0378056,30,0.9,p9000,0.05037689208984375
1765428802.0378056,30,0.95,p9500,0.106353759765625
1765428802.0378056,30,0.99,p9900,0.49420166015625
1765428802.0378056,30,0.999,p9990,1.3466033935546875
1765428802.0378056,30,0.9999,p9999,35.574951171875
1765428802.0378056,30,,max,2255.75
1765428802.0378056,31,0.9,p9000,0.37109375
1765428802.0378056,31,0.95,p9500,0.664794921875
1765428802.0378056,31,0.99,p9900,2.177734375
1765428802.0378056,31,0.999,p9990,8.2557373046875
1765428802.0378056,31,0.9999,p9999,19.081787109375
1765428802.0378056,31,,max,72.3125
1765434535.0956526,0,0.9,p9000,0.003323078155517578
1765434535.0956526,0,0.95,p9500,0.005122184753417969
1765434535.0956526,0,0.99,p9900,0.01668548583984375
1765434535.0956526,0,0.999,p9990,0.1416149139404297
1765434535.0956526,0,0.9999,p9999,1.297088623046875
1765434535.0956526,0,,max,2.23193359375
1765434535.0956526,1,0.9,p9000,0.016353607177734375
1765434535.0956526,1,0.95,p9500,0.025646209716796875
1765434535.0956526,1,0.99,p9900,0.07208251953125
1765434535.0956526,1,0.999,p9990,0.4287376403808594
1765434535.0956526,1,0.9999,p9999,73.58935546875
1765434535.0956526,1,,max,1488.25
1765434535.0956526,2,0.9,p9000,0.002403736114501953
1765434535.0956526,2,0.95,p9500,0.004023551940917969
1765434535.0956526,2,0.99,p9900,0.014722824096679688
1765434535.0956526,2,0.999,p9990,0.0739593505859375
1765434535.0956526,2,0.9999,p9999,0.3393211364746094
1765434535.0956526,2,,max,4.625
1765434535.0956526,3,0.9,p9000,0.00434112548828125
1765434535.0956526,3,0.95,p9500,0.007138729095458984
1765434535.0956526,3,0.99,p9900,0.018856048583984375
1765434535.0956526,3,0.999,p9990,0.05011463165283203
1765434535.0956526,3,0.9999,p9999,0.11882400512695312
1765434535.0956526,3,,max,1.95703125
1765434535.0956526,4,0.9,p9000,0.009336471557617188
1765434535.0956526,4,0.95,p9500,0.015077590942382812
1765434535.0956526,4,0.99,p9900,0.039071083068847656
1765434535.0956526,4,0.999,p9990,0.11328792572021484
1765434535.0956526,4,0.9999,p9999,5.540283203125
1765434535.0956526,4,,max,11.41796875
1765434535.0956526,5,0.9,p9000,0.008989334106445312
1765434535.0956526,5,0.95,p9500,0.013241767883300781
1765434535.0956526,5,0.99,p9900,0.028583526611328125
1765434535.0956526,5,0.999,p9990,0.07100868225097656
1765434535.0956526,5,0.9999,p9999,0.16166305541992188
1765434535.0956526,5,,max,2.65087890625
1765434535.0956526,6,0.9,p9000,0.008510589599609375
1765434535.0956526,6,0.95,p9500,0.01253509521484375
1765434535.0956526,6,0.99,p9900,0.0302276611328125
1765434535.0956526,6,0.999,p9990,0.0897369384765625
1765434535.0956526,6,0.9999,p9999,0.20282363891601562
1765434535.0956526,6,,max,4.7880859375
1765434535.0956526,7,0.9,p9000,0.009912490844726562
1765434535.0956526,7,0.95,p9500,0.014217376708984375
1765434535.0956526,7,0.99,p9900,0.033359527587890625
1765434535.0956526,7,0.999,p9990,0.09751319885253906
1765434535.0956526,7,0.9999,p9999,0.23107528686523438
1765434535.0956526,7,,max,3.78662109375
1765434535.0956526,8,0.9,p9000,0.00998687744140625
1765434535.0956526,8,0.95,p9500,0.014461517333984375
1765434535.0956526,8,0.99,p9900,0.037278175354003906
1765434535.0956526,8,0.999,p9990,0.11173439025878906
1765434535.0956526,8,0.9999,p9999,0.25110435485839844
1765434535.0956526,8,,max,8.9638671875
1765434535.0956526,9,0.9,p9000,0.010162353515625
1765434535.0956526,9,0.95,p9500,0.01515960693359375
1765434535.0956526,9,0.99,p9900,0.03902435302734375
1765434535.0956526,9,0.999,p9990,0.12359428405761719
1765434535.0956526,9,0.9999,p9999,0.2765693664550781
1765434535.0956526,9,,max,6.4921875
1765434535.0956526,10,0.9,p9000,0.010740280151367188
1765434535.0956526,10,0.95,p9500,0.016094207763671875
1765434535.0956526,10,0.99,p9900,0.04367828369140625
1765434535.0956526,10,0.999,p9990,0.13512039184570312
1765434535.0956526,10,0.9999,p9999,0.4862403869628906
1765434535.0956526,10,,max,5.00390625
1765434535.0956526,11,0.9,p9000,0.010919570922851562
1765434535.0956526,11,0.95,p9500,0.017181396484375
1765434535.0956526,11,0.99,p9900,0.04846954345703125
1765434535.0956526,11,0.999,p9990,0.14345741271972656
1765434535.0956526,11,0.9999,p9999,0.3583221435546875
1765434535.0956526,11,,max,6.4365234375
1765434535.0956526,12,0.9,p9000,0.010324478149414062
1765434535.0956526,12,0.95,p9500,0.015718460083007812
1765434535.0956526,12,0.99,p9900,0.045937538146972656
1765434535.0956526,12,0.999,p9990,0.1444416046142578
1765434535.0956526,12,0.9999,p9999,0.3185882568359375
1765434535.0956526,12,,max,3.689453125
1765434535.0956526,13,0.9,p9000,0.010746002197265625
1765434535.0956526,13,0.95,p9500,0.016941070556640625
1765434535.0956526,13,0.99,p9900,0.0517425537109375
1765434535.0956526,13,0.999,p9990,0.15968704223632812
1765434535.0956526,13,0.9999,p9999,0.4366302490234375
1765434535.0956526,13,,max,5.29296875
1765434535.0956526,14,0.9,p9000,0.010805130004882812
1765434535.0956526,14,0.95,p9500,0.01696014404296875
1765434535.0956526,14,0.99,p9900,0.0561370849609375
1765434535.0956526,14,0.999,p9990,0.17161941528320312
1765434535.0956526,14,0.9999,p9999,0.39125823974609375
1765434535.0956526,14,,max,6.1435546875
1765434535.0956526,15,0.9,p9000,0.012022018432617188
1765434535.0956526,15,0.95,p9500,0.019618988037109375
1765434535.0956526,15,0.99,p9900,0.06806182861328125
1765434535.0956526,15,0.999,p9990,0.2342357635498047
1765434535.0956526,15,0.9999,p9999,0.5093841552734375
1765434535.0956526,15,,max,6.673828125
1765434535.0956526,16,0.9,p9000,0.01287841796875
1765434535.0956526,16,0.95,p9500,0.021587371826171875
1765434535.0956526,16,0.99,p9900,0.073089599609375
1765434535.0956526,16,0.999,p9990,0.2438507080078125
1765434535.0956526,16,0.9999,p9999,1.2597198486328125
1765434535.0956526,16,,max,18.4375
1765434535.0956526,17,0.9,p9000,0.011058807373046875
1765434535.0956526,17,0.95,p9500,0.0193328857421875
1765434535.0956526,17,0.99,p9900,0.0714263916015625
1765434535.0956526,17,0.999,p9990,0.24021148681640625
1765434535.0956526,17,0.9999,p9999,0.7622756958007812
1765434535.0956526,17,,max,8.796875
1765434535.0956526,18,0.9,p9000,0.011671066284179688
1765434535.0956526,18,0.95,p9500,0.021327972412109375
1765434535.0956526,18,0.99,p9900,0.080352783203125
1765434535.0956526,18,0.999,p9990,0.2554950714111328
1765434535.0956526,18,0.9999,p9999,0.6743087768554688
1765434535.0956526,18,,max,31.01953125
1765434535.0956526,19,0.9,p9000,0.01279449462890625
1765434535.0956526,19,0.95,p9500,0.02321624755859375
1765434535.0956526,19,0.99,p9900,0.08297920227050781
1765434535.0956526,19,0.999,p9990,0.2743511199951172
1765434535.0956526,19,0.9999,p9999,1.42864990234375
1765434535.0956526,19,,max,15.8828125
1765434535.0956526,20,0.9,p9000,0.013628005981445312
1765434535.0956526,20,0.95,p9500,0.024349212646484375
1765434535.0956526,20,0.99,p9900,0.085174560546875
1765434535.0956526,20,0.999,p9990,0.26108551025390625
1765434535.0956526,20,0.9999,p9999,0.6827163696289062
1765434535.0956526,20,,max,13.111328125
1765434535.0956526,21,0.9,p9000,0.014562606811523438
1765434535.0956526,21,0.95,p9500,0.026103973388671875
1765434535.0956526,21,0.99,p9900,0.0885467529296875
1765434535.0956526,21,0.999,p9990,0.2621898651123047
1765434535.0956526,21,0.9999,p9999,0.7226715087890625
1765434535.0956526,21,,max,10.751953125
1765434535.0956526,22,0.9,p9000,0.014987945556640625
1765434535.0956526,22,0.95,p9500,0.026325225830078125
1765434535.0956526,22,0.99,p9900,0.08690261840820312
1765434535.0956526,22,0.999,p9990,0.26698875427246094
1765434535.0956526,22,0.9999,p9999,0.72857666015625
1765434535.0956526,22,,max,13.541015625
1765434535.0956526,23,0.9,p9000,0.015047073364257812
1765434535.0956526,23,0.95,p9500,0.026111602783203125
1765434535.0956526,23,0.99,p9900,0.088653564453125
1765434535.0956526,23,0.999,p9990,0.3012828826904297
1765434535.0956526,23,0.9999,p9999,0.8158340454101562
1765434535.0956526,23,,max,9.5869140625
1765434535.0956526,24,0.9,p9000,0.015062332153320312
1765434535.0956526,24,0.95,p9500,0.026580810546875
1765434535.0956526,24,0.99,p9900,0.0894317626953125
1765434535.0956526,24,0.999,p9990,0.27570343017578125
1765434535.0956526,24,0.9999,p9999,0.7527999877929688
1765434535.0956526,24,,max,15.35546875
1765434535.0956526,25,0.9,p9000,0.016880035400390625
1765434535.0956526,25,0.95,p9500,0.030553817749023438
1765434535.0956526,25,0.99,p9900,0.10421943664550781
1765434535.0956526,25,0.999,p9990,0.32379150390625
1765434535.0956526,25,0.9999,p9999,0.861602783203125
1765434535.0956526,25,,max,16.2451171875
1765434535.0956526,26,0.9,p9000,0.019336700439453125
1765434535.0956526,26,0.95,p9500,0.0353240966796875
1765434535.0956526,26,0.99,p9900,0.12019538879394531
1765434535.0956526,26,0.999,p9990,0.35025787353515625
1765434535.0956526,26,0.9999,p9999,0.8703842163085938
1765434535.0956526,26,,max,13.865234375
1765434535.0956526,27,0.9,p9000,0.021770477294921875
1765434535.0956526,27,0.95,p9500,0.04143524169921875
1765434535.0956526,27,0.99,p9900,0.15127944946289062
1765434535.0956526,27,0.999,p9990,0.4554710388183594
1765434535.0956526,27,0.9999,p9999,1.295745849609375
1765434535.0956526,27,,max,15.12890625
1765434535.0956526,28,0.9,p9000,0.02571868896484375
1765434535.0956526,28,0.95,p9500,0.0507659912109375
1765434535.0956526,28,0.99,p9900,0.19806671142578125
1765434535.0956526,28,0.999,p9990,0.57373046875
1765434535.0956526,28,0.9999,p9999,1.0940475463867188
1765434535.0956526,28,,max,16.123046875
1765434535.0956526,29,0.9,p9000,0.031932830810546875
1765434535.0956526,29,0.95,p9500,0.06534576416015625
1765434535.0956526,29,0.99,p9900,0.30628204345703125
1765434535.0956526,29,0.999,p9990,0.7193679809570312
1765434535.0956526,29,0.9999,p9999,1.829620361328125
1765434535.0956526,29,,max,38.1484375
1765434535.0956526,30,0.9,p9000,0.059722900390625
1765434535.0956526,30,0.95,p9500,0.127655029296875
1765434535.0956526,30,0.99,p9900,0.5330810546875
1765434535.0956526,30,0.999,p9990,1.4621124267578125
1765434535.0956526,30,0.9999,p9999,26.874267578125
1765434535.0956526,30,,max,2381.5
1765434535.0956526,31,0.9,p9000,0.43621826171875
1765434535.0956526,31,0.95,p9500,0.76025390625
1765434535.0956526,31,0.99,p9900,2.64697265625
1765434535.0956526,31,0.999,p9990,9.72833251953125
1765434535.0956526,31,0.9999,p9999,22.349853515625
1765434535.0956526,31,,max,72.375
1765435244.8639996,0,0.9,p9000,0.003323078155517578
1765435244.8639996,0,0.95,p9500,0.005122184753417969
1765435244.8639996,0,0.99,p9900,0.01668548583984375
1765435244.8639996,0,0.999,p9990,0.1416149139404297
1765435244.8639996,0,0.9999,p9999,1.297088623046875
1765435244.8639996,0,,max,2.23193359375
1765435244.8639996,1,0.9,p9000,0.016353607177734375
1765435244.8639996,1,0.95,p9500,0.025646209716796875
1765435244.8639996,1,0.99,p9900,0.07208251953125
1765435244.8639996,1,0.999,p9990,0.4287376403808594
1765435244.8639996,1,0.9999,p9999,73.58935546875
1765435244.8639996,1,,max,1488.25
1765435244.8639996,2,0.9,p9000,0.002403736114501953
1765435244.8639996,2,0.95,p9500,0.004023551940917969
1765435244.8639996,2,0.99,p9900,0.014722824096679688
1765435244.8639996,2,0.999,p9990,0.0739593505859375
1765435244.8639996,2,0.9999,p9999,0.3393211364746094
1765435244.8639996,2,,max,4.625
1765435244.8639996,3,0.9,p9000,0.00434112548828125
1765435244.8639996,3,0.95,p9500,0.007138729095458984
1765435244.8639996,3,0.99,p9900,0.018856048583984375
1765435244.8639996,3,0.999,p9990,0.05011463165283203
1765435244.8639996,3,0.9999,p9999,0.11882400512695312
1765435244.8639996,3,,max,1.95703125
1765435244.8639996,4,0.9,p9000,0.009336471557617188
1765435244.8639996,4,0.95,p9500,0.015077590942382812
1765435244.8639996,4,0.99,p9900,0.039071083068847656
1765435244.8639996,4,0.999,p9990,0.11328792572021484
1765435244.8639996,4,0.9999,p9999,5.540283203125
1765435244.8639996,4,,max,11.41796875
1765435244.8639996,5,0.9,p9000,0.008989334106445312
1765435244.8639996,5,0.95,p9500,0.013241767883300781
1765435244.8639996,5,0.99,p9900,0.028583526611328125
1765435244.8639996,5,0.999,p9990,0.07100868225097656
1765435244.8639996,5,0.9999,p9999,0.16166305541992188
1765435244.8639996,5,,max,2.65087890625
1765435244.8639996,6,0.9,p9000,0.008510589599609375
1765435244.8639996,6,0.95,p9500,0.01253509521484375
1765435244.8639996,6,0.99,p9900,0.0302276611328125
1765435244.8639996,6,0.999,p9990,0.0897369384765625
1765435244.8639996,6,0.9999,p9999,0.20282363891601562
1765435244.8639996,6,,max,4.7880859375
1765435244.8639996,7,0.9,p9000,0.009912490844726562
1765435244.8639996,7,0.95,p9500,0.014217376708984375
1765435244.8639996,7,0.99,p9900,0.033359527587890625
1765435244.8639996,7,0.999,p9990,0.09751319885253906
1765435244.8639996,7,0.9999,p9999,0.23107528686523438
1765435244.8639996,7,,max,3.78662109375
1765435244.8639996,8,0.9,p9000,0.00998687744140625
1765435244.8639996,8,0.95,p9500,0.014461517333984375
1765435244.8639996,8,0.99,p9900,0.037278175354003906
1765435244.8639996,8,0.999,p9990,0.11173439025878906
1765435244.8639996,8,0.9999,p9999,0.25110435485839844
1765435244.8639996,8,,max,8.9638671875
1765435244.8639996,9,0.9,p9000,0.010162353515625
1765435244.8639996,9,0.95,p9500,0.01515960693359375
1765435244.8639996,9,0.99,p9900,0.03902435302734375
1765435244.8639996,9,0.999,p9990,0.12359428405761719
1765435244.8639996,9,0.9999,p9999,0.2765693664550781
1765435244.8639996,9,,max,6.4921875
1765435244.8639996,10,0.9,p9000,0.010740280151367188
1765435244.8639996,10,0.95,p9500,0.016094207763671875
1765435244.8639996,10,0.99,p9900,0.04367828369140625
1765435244.8639996,10,0.999,p9990,0.13512039184570312
1765435244.8639996,10,0.9999,p9999,0.4862403869628906
1765435244.8639996,10,,max,5.00390625
1765435244.8639996,11,0.9,p9000,0.010919570922851562
1765435244.8639996,11,0.95,p9500,0.017181396484375
1765435244.8639996,11,0.99,p9900,0.04846954345703125
1765435244.8639996,11,0.999,p9990,0.14345741271972656
1765435244.8639996,11,0.9999,p9999,0.3583221435546875
1765435244.8639996,11,,max,6.4365234375
1765435244.8639996,12,0.9,p9000,0.010324478149414062
1765435244.8639996,12,0.95,p9500,0.015718460083007812
1765435244.8639996,12,0.99,p9900,0.045937538146972656
1765435244.8639996,12,0.999,p9990,0.1444416046142578
1765435244.8639996,12,0.9999,p9999,0.3185882568359375
1765435244.8639996,12,,max,3.689453125
1765435244.8639996,13,0.9,p9000,0.010746002197265625
1765435244.8639996,13,0.95,p9500,0.016941070556640625
1765435244.8639996,13,0.99,p9900,0.0517425537109375
1765435244.8639996,13,0.999,p9990,0.15968704223632812
1765435244.8639996,13,0.9999,p9999,0.4366302490234375
1765435244.8639996,13,,max,5.29296875
1765435244.8639996,14,0.9,p9000,0.010805130004882812
1765435244.8639996,14,0.95,p9500,0.01696014404296875
1765435244.8639996,14,0.99,p9900,0.0561370849609375
1765435244.8639996,14,0.999,p9990,0.17161941528320312
1765435244.8639996,14,0.9999,p9999,0.39125823974609375
1765435244.8639996,14,,max,6.1435546875
1765435244.8639996,15,0.9,p9000,0.012022018432617188
1765435244.8639996,15,0.95,p9500,0.019618988037109375
1765435244.8639996,15,0.99,p9900,0.06806182861328125
1765435244.8639996,15,0.999,p9990,0.2342357635498047
1765435244.8639996,15,0.9999,p9999,0.5093841552734375
1765435244.8639996,15,,max,6.673828125
1765435244.8639996,16,0.9,p9000,0.01287841796875
1765435244.8639996,16,0.95,p9500,0.021587371826171875
1765435244.8639996,16,0.99,p9900,0.073089599609375
1765435244.8639996,16,0.999,p9990,0.2438507080078125
1765435244.8639996,16,0.9999,p9999,1.2597198486328125
1765435244.8639996,16,,max,18.4375
1765435244.8639996,17,0.9,p9000,0.011058807373046875
1765435244.8639996,17,0.95,p9500,0.0193328857421875
1765435244.8639996,17,0.99,p9900,0.0714263916015625
1765435244.8639996,17,0.999,p9990,0.24021148681640625
1765435244.8639996,17,0.9999,p9999,0.7622756958007812
1765435244.8639996,17,,max,8.796875
1765435244.8639996,18,0.9,p9000,0.011671066284179688
1765435244.8639996,18,0.95,p9500,0.021327972412109375
1765435244.8639996,18,0.99,p9900,0.080352783203125
1765435244.8639996,18,0.999,p9990,0.2554950714111328
1765435244.8639996,18,0.9999,p9999,0.6743087768554688
1765435244.8639996,18,,max,31.01953125
1765435244.8639996,19,0.9,p9000,0.01279449462890625
1765435244.8639996,19,0.95,p9500,0.02321624755859375
1765435244.8639996,19,0.99,p9900,0.08297920227050781
1765435244.8639996,19,0.999,p9990,0.2743511199951172
1765435244.8639996,19,0.9999,p9999,1.42864990234375
1765435244.8639996,19,,max,15.8828125
1765435244.8639996,20,0.9,p9000,0.013628005981445312
1765435244.8639996,20,0.95,p9500,0.024349212646484375
1765435244.8639996,20,0.99,p9900,0.085174560546875
1765435244.8639996,20,0.999,p9990,0.26108551025390625
1765435244.8639996,20,0.9999,p9999,0.6827163696289062
1765435244.8639996,20,,max,13.111328125
1765435244.8639996,21,0.9,p9000,0.014562606811523438
1765435244.8639996,21,0.95,p9500,0.026103973388671875
1765435244.8639996,21,0.99,p9900,0.0885467529296875
1765435244.8639996,21,0.999,p9990,0.2621898651123047
1765435244.8639996,21,0.9999,p9999,0.7226715087890625
1765435244.8639996,21,,max,10.751953125
1765435244.8639996,22,0.9,p9000,0.014987945556640625
1765435244.8639996,22,0.95,p9500,0.026325225830078125
1765435244.8639996,22,0.99,p9900,0.08690261840820312
1765435244.8639996,22,0.999,p9990,0.26698875427246094
1765435244.8639996,22,0.9999,p9999,0.72857666015625
1765435244.8639996,22,,max,13.541015625
1765435244.8639996,23,0.9,p9000,0.015047073364257812
1765435244.8639996,23,0.95,p9500,0.026111602783203125
1765435244.8639996,23,0.99,p9900,0.088653564453125
1765435244.8639996,23,0.999,p9990,0.3012828826904297
1765435244.8639996,23,0.9999,p9999,0.8158340454101562
1765435244.8639996,23,,max,9.5869140625
1765435244.8639996,24,0.9,p9000,0.015062332153320312
1765435244.8639996,24,0.95,p9500,0.026580810546875
1765435244.8639996,24,0.99,p9900,0.0894317626953125
1765435244.8639996,24,0.999,p9990,0.27570343017578125
1765435244.8639996,24,0.9999,p9999,0.7527999877929688
1765435244.8639996,24,,max,15.35546875
1765435244.8639996,25,0.9,p9000,0.016880035400390625
1765435244.8639996,25,0.95,p9500,0.030553817749023438
1765435244.8639996,25,0.99,p9900,0.10421943664550781
1765435244.8639996,25,0.999,p9990,0.32379150390625
1765435244.8639996,25,0.9999,p9999,0.861602783203125
1765435244.8639996,25,,max,16.2451171875
1765435244.8639996,26,0.9,p9000,0.019336700439453125
1765435244.8639996,26,0.95,p9500,0.0353240966796875
1765435244.8639996,26,0.99,p9900,0.12019538879394531
1765435244.8639996,26,0.999,p9990,0.35025787353515625
1765435244.8639996,26,0.9999,p9999,0.8703842163085938
1765435244.8639996,26,,max,13.865234375
1765435244.8639996,27,0.9,p9000,0.021770477294921875
1765435244.8639996,27,0.95,p9500,0.04143524169921875
1765435244.8639996,27,0.99,p9900,0.15127944946289062
1765435244.8639996,27,0.999,p9990,0.4554710388183594
1765435244.8639996,27,0.9999,p9999,1.295745849609375
1765435244.8639996,27,,max,15.12890625
1765435244.8639996,28,0.9,p9000,0.02571868896484375
1765435244.8639996,28,0.95,p9500,0.0507659912109375
1765435244.8639996,28,0.99,p9900,0.19806671142578125
1765435244.8639996,28,0.999,p9990,0.57373046875
1765435244.8639996,28,0.9999,p9999,1.0940475463867188
1765435244.8639996,28,,max,16.123046875
1765435244.8639996,29,0.9,p9000,0.031932830810546875
1765435244.8639996,29,0.95,p9500,0.06534576416015625
1765435244.8639996,29,0.99,p9900,0.30628204345703125
1765435244.8639996,29,0.999,p9990,0.7193679809570312
1765435244.8639996,29,0.9999,p9999,1.829620361328125
1765435244.8639996,29,,max,38.1484375
1765435244.8639996,30,0.9,p9000,0.059722900390625
1765435244.8639996,30,0.95,p9500,0.127655029296875
1765435244.8639996,30,0.99,p9900,0.5330810546875
1765435244.8639996,30,0.999,p9990,1.4621124267578125
1765435244.8639996,30,0.9999,p9999,26.874267578125
1765435244.8639996,30,,max,2381.5
1765435244.8639996,31,0.9,p9000,0.43621826171875
1765435244.8639996,31,0.95,p9500,0.76025390625
1765435244.8639996,31,0.99,p9900,2.64697265625
1765435244.8639996,31,0.999,p9990,9.72833251953125
1765435244.8639996,31,0.9999,p9999,22.349853515625
1765435244.8639996,31,,max,72.375
1765435753.7348151,0,0.9,p9000,0.0034356117248535156
1765435753.7348151,0,0.95,p9500,0.0052700042724609375
1765435753.7348151,0,0.99,p9900,0.01709747314453125
1765435753.7348151,0,0.999,p9990,0.14537429809570312
1765435753.7348151,0,0.9999,p9999,1.3017425537109375
1765435753.7348151,0,,max,2.21142578125
1765435753.7348151,1,0.9,p9000,0.0173492431640625
1765435753.7348151,1,0.95,p9500,0.027133941650390625
1765435753.7348151,1,0.99,p9900,0.07740974426269531
1765435753.7348151,1,0.999,p9990,0.4607582092285156
1765435753.7348151,1,0.9999,p9999,83.994140625
1765435753.7348151,1,,max,1480.25
1765435753.7348151,2,0.9,p9000,0.0024242401123046875
1765435753.7348151,2,0.95,p9500,0.0040493011474609375
1765435753.7348151,2,0.99,p9900,0.014097213745117188
1765435753.7348151,2,0.999,p9990,0.07577228546142578
1765435753.7348151,2,0.9999,p9999,0.3826751708984375
1765435753.7348151,2,,max,4.625
1765435753.7348151,3,0.9,p9000,0.004329681396484375
1765435753.7348151,3,0.95,p9500,0.007095813751220703
1765435753.7348151,3,0.99,p9900,0.018321990966796875
1765435753.7348151,3,0.999,p9990,0.04796648025512695
1765435753.7348151,3,0.9999,p9999,0.1181793212890625
1765435753.7348151,3,,max,2.34912109375
1765435753.7348151,4,0.9,p9000,0.00931549072265625
1765435753.7348151,4,0.95,p9500,0.01493072509765625
1765435753.7348151,4,0.99,p9900,0.03786468505859375
1765435753.7348151,4,0.999,p9990,0.11327838897705078
1765435753.7348151,4,0.9999,p9999,5.75830078125
1765435753.7348151,4,,max,11.412109375
1765435753.7348151,5,0.9,p9000,0.009044647216796875
1765435753.7348151,5,0.95,p9500,0.013286590576171875
1765435753.7348151,5,0.99,p9900,0.027667999267578125
1765435753.7348151,5,0.999,p9990,0.06597328186035156
1765435753.7348151,5,0.9999,p9999,0.14200973510742188
1765435753.7348151,5,,max,2.5390625
1765435753.7348151,6,0.9,p9000,0.008487701416015625
1765435753.7348151,6,0.95,p9500,0.012310028076171875
1765435753.7348151,6,0.99,p9900,0.026737213134765625
1765435753.7348151,6,0.999,p9990,0.07436847686767578
1765435753.7348151,6,0.9999,p9999,0.15920257568359375
1765435753.7348151,6,,max,4.3125
1765435753.7348151,7,0.9,p9000,0.0097808837890625
1765435753.7348151,7,0.95,p9500,0.013759613037109375
1765435753.7348151,7,0.99,p9900,0.02770233154296875
1765435753.7348151,7,0.999,p9990,0.07601642608642578
1765435753.7348151,7,0.9999,p9999,0.1688251495361328
1765435753.7348151,7,,max,2.80615234375
1765435753.7348151,8,0.9,p9000,0.0098876953125
1765435753.7348151,8,0.95,p9500,0.0140533447265625
1765435753.7348151,8,0.99,p9900,0.030457019805908203
1765435753.7348151,8,0.999,p9990,0.09206867218017578
1765435753.7348151,8,0.9999,p9999,0.2060070037841797
1765435753.7348151,8,,max,7.8447265625
1765435753.7348151,9,0.9,p9000,0.010084152221679688
1765435753.7348151,9,0.95,p9500,0.014766693115234375
1765435753.7348151,9,0.99,p9900,0.0323486328125
1765435753.7348151,9,0.999,p9990,0.10189247131347656
1765435753.7348151,9,0.9999,p9999,0.2441234588623047
1765435753.7348151,9,,max,6.0107421875
1765435753.7348151,10,0.9,p9000,0.01070404052734375
1765435753.7348151,10,0.95,p9500,0.015790939331054688
1765435753.7348151,10,0.99,p9900,0.03833770751953125
1765435753.7348151,10,0.999,p9990,0.11769771575927734
1765435753.7348151,10,0.9999,p9999,0.43233489990234375
1765435753.7348151,10,,max,2.34765625
1765435753.7348151,11,0.9,p9000,0.010816574096679688
1765435753.7348151,11,0.95,p9500,0.01666259765625
1765435753.7348151,11,0.99,p9900,0.041778564453125
1765435753.7348151,11,0.999,p9990,0.13063430786132812
1765435753.7348151,11,0.9999,p9999,0.3500938415527344
1765435753.7348151,11,,max,6.2890625
1765435753.7348151,12,0.9,p9000,0.01026153564453125
1765435753.7348151,12,0.95,p9500,0.015478134155273438
1765435753.7348151,12,0.99,p9900,0.039467811584472656
1765435753.7348151,12,0.999,p9990,0.12403106689453125
1765435753.7348151,12,0.9999,p9999,0.2885932922363281
1765435753.7348151,12,,max,4.29833984375
1765435753.7348151,13,0.9,p9000,0.010644912719726562
1765435753.7348151,13,0.95,p9500,0.016523361206054688
1765435753.7348151,13,0.99,p9900,0.046036720275878906
1765435753.7348151,13,0.999,p9990,0.1479206085205078
1765435753.7348151,13,0.9999,p9999,0.4284477233886719
1765435753.7348151,13,,max,4.798828125
1765435753.7348151,14,0.9,p9000,0.01068878173828125
1765435753.7348151,14,0.95,p9500,0.01659393310546875
1765435753.7348151,14,0.99,p9900,0.050484657287597656
1765435753.7348151,14,0.999,p9990,0.15845489501953125
1765435753.7348151,14,0.9999,p9999,0.3652076721191406
1765435753.7348151,14,,max,5.6689453125
1765435753.7348151,15,0.9,p9000,0.011892318725585938
1765435753.7348151,15,0.95,p9500,0.019115447998046875
1765435753.7348151,15,0.99,p9900,0.06201171875
1765435753.7348151,15,0.999,p9990,0.22485733032226562
1765435753.7348151,15,0.9999,p9999,0.486358642578125
1765435753.7348151,15,,max,6.86328125
1765435753.7348151,16,0.9,p9000,0.012624740600585938
1765435753.7348151,16,0.95,p9500,0.02075958251953125
1765435753.7348151,16,0.99,p9900,0.0653839111328125
1765435753.7348151,16,0.999,p9990,0.23435211181640625
1765435753.7348151,16,0.9999,p9999,1.1578216552734375
1765435753.7348151,16,,max,18.44140625
1765435753.7348151,17,0.9,p9000,0.010768890380859375
1765435753.7348151,17,0.95,p9500,0.01854705810546875
1765435753.7348151,17,0.99,p9900,0.0632476806640625
1765435753.7348151,17,0.999,p9990,0.22801780700683594
1765435753.7348151,17,0.9999,p9999,0.7663421630859375
1765435753.7348151,17,,max,8.47265625
1765435753.7348151,18,0.9,p9000,0.011180877685546875
1765435753.7348151,18,0.95,p9500,0.02028656005859375
1765435753.7348151,18,0.99,p9900,0.073822021484375
1765435753.7348151,18,0.999,p9990,0.24231719970703125
1765435753.7348151,18,0.9999,p9999,0.697723388671875
1765435753.7348151,18,,max,29.875
1765435753.7348151,19,0.9,p9000,0.01219940185546875
1765435753.7348151,19,0.95,p9500,0.021846771240234375
1765435753.7348151,19,0.99,p9900,0.075103759765625
1765435753.7348151,19,0.999,p9990,0.2498493194580078
1765435753.7348151,19,0.9999,p9999,1.2140960693359375
1765435753.7348151,19,,max,15.90625
1765435753.7348151,20,0.9,p9000,0.012887954711914062
1765435753.7348151,20,0.95,p9500,0.0225830078125
1765435753.7348151,20,0.99,p9900,0.0749664306640625
1765435753.7348151,20,0.999,p9990,0.2154560089111328
1765435753.7348151,20,0.9999,p9999,0.5738906860351562
1765435753.7348151,20,,max,6.3056640625
1765435753.7348151,21,0.9,p9000,0.013713836669921875
1765435753.7348151,21,0.95,p9500,0.024200439453125
1765435753.7348151,21,0.99,p9900,0.07844734191894531
1765435753.7348151,21,0.999,p9990,0.21604156494140625
1765435753.7348151,21,0.9999,p9999,0.5258026123046875
1765435753.7348151,21,,max,12.8291015625
1765435753.7348151,22,0.9,p9000,0.013883590698242188
1765435753.7348151,22,0.95,p9500,0.023952484130859375
1765435753.7348151,22,0.99,p9900,0.0736846923828125
1765435753.7348151,22,0.999,p9990,0.21039581298828125
1765435753.7348151,22,0.9999,p9999,0.521270751953125
1765435753.7348151,22,,max,10.556640625
1765435753.7348151,23,0.9,p9000,0.013957977294921875
1765435753.7348151,23,0.95,p9500,0.023708343505859375
1765435753.7348151,23,0.99,p9900,0.0747833251953125
1765435753.7348151,23,0.999,p9990,0.2247447967529297
1765435753.7348151,23,0.9999,p9999,0.5869369506835938
1765435753.7348151,23,,max,11.43359375
1765435753.7348151,24,0.9,p9000,0.013895034790039062
1765435753.7348151,24,0.95,p9500,0.023761749267578125
1765435753.7348151,24,0.99,p9900,0.0745086669921875
1765435753.7348151,24,0.999,p9990,0.20754432678222656
1765435753.7348151,24,0.9999,p9999,0.5251121520996094
1765435753.7348151,24,,max,10.115234375
1765435753.7348151,25,0.9,p9000,0.015325546264648438
1765435753.7348151,25,0.95,p9500,0.027133941650390625
1765435753.7348151,25,0.99,p9900,0.0881805419921875
1765435753.7348151,25,0.999,p9990,0.259429931640625
1765435753.7348151,25,0.9999,p9999,0.7088623046875
1765435753.7348151,25,,max,8.9912109375
1765435753.7348151,26,0.9,p9000,0.017375946044921875
1765435753.7348151,26,0.95,p9500,0.03133392333984375
1765435753.7348151,26,0.99,p9900,0.10299873352050781
1765435753.7348151,26,0.999,p9990,0.3031883239746094
1765435753.7348151,26,0.9999,p9999,0.659698486328125
1765435753.7348151,26,,max,10.4130859375
1765435753.7348151,27,0.9,p9000,0.019321441650390625
1765435753.7348151,27,0.95,p9500,0.0361480712890625
1765435753.7348151,27,0.99,p9900,0.131683349609375
1765435753.7348151,27,0.999,p9990,0.4258918762207031
1765435753.7348151,27,0.9999,p9999,1.184722900390625
1765435753.7348151,27,,max,11.5810546875
1765435753.7348151,28,0.9,p9000,0.0224761962890625
1765435753.7348151,28,0.95,p9500,0.04412841796875
1765435753.7348151,28,0.99,p9900,0.169647216796875
1765435753.7348151,28,0.999,p9990,0.5531997680664062
1765435753.7348151,28,0.9999,p9999,0.97552490234375
1765435753.7348151,28,,max,8.3291015625
1765435753.7348151,29,0.9,p9000,0.027759552001953125
1765435753.7348151,29,0.95,p9500,0.05605316162109375
1765435753.7348151,29,0.99,p9900,0.26807403564453125
1765435753.7348151,29,0.999,p9990,0.6925582885742188
1765435753.7348151,29,0.9999,p9999,2.0592041015625
1765435753.7348151,29,,max,37.9609375
1765435753.7348151,30,0.9,p9000,0.05037689208984375
1765435753.7348151,30,0.95,p9500,0.106353759765625
1765435753.7348151,30,0.99,p9900,0.49420166015625
1765435753.7348151,30,0.999,p9990,1.3466033935546875
1765435753.7348151,30,0.9999,p9999,35.574951171875
1765435753.7348151,30,,max,2255.75
1765435753.7348151,31,0.9,p9000,0.37109375
1765435753.7348151,31,0.95,p9500,0.664794921875
1765435753.7348151,31,0.99,p9900,2.177734375
1765435753.7348151,31,0.999,p9990,8.2557373046875
1765435753.7348151,31,0.9999,p9999,19.081787109375
1765435753.7348151,31,,max,72.3125
1765436083.0176501,0,0.9,p9000,0.0034356117248535156
1765436083.0176501,0,0.95,p9500,0.0052700042724609375
1765436083.0176501,0,0.99,p9900,0.01709747314453125
1765436083.0176501,0,0.999,p9990,0.14537429809570312
1765436083.0176501,0,0.9999,p9999,1.3017425537109375
1765436083.0176501,0,,max,2.21142578125
1765436083.0176501,1,0.9,p9000,0.0173492431640625
1765436083.0176501,1,0.95,p9500,0.027133941650390625
1765436083.0176501,1,0.99,p9900,0.07740974426269531
1765436083.0176501,1,0.999,p9990,0.4607582092285156
1765436083.0176501,1,0.9999,p9999,83.994140625
1765436083.0176501,1,,max,1480.25
1765436083.0176501,2,0.9,p9000,0.0024242401123046875
1765436083.0176501,2,0.95,p9500,0.0040493011474609375
1765436083.0176501,2,0.99,p9900,0.014097213745117188
1765436083.0176501,2,0.999,p9990,0.07577228546142578
1765436083.0176501,2,0.9999,p9999,0.3826751708984375
1765436083.0176501,2,,max,4.625
1765436083.0176501,3,0.9,p9000,0.004329681396484375
1765436083.0176501,3,0.95,p9500,0.007095813751220703
1765436083.0176501,3,0.99,p9900,0.018321990966796875
1765436083.0176501,3,0.999,p9990,0.04796648025512695
1765436083.0176501,3,0.9999,p9999,0.1181793212890625
1765436083.0176501,3,,max,2.34912109375
1765436083.0176501,4,0.9,p9000,0.00931549072265625
1765436083.0176501,4,0.95,p9500,0.01493072509765625
1765436083.0176501,4,0.99,p9900,0.03786468505859375
1765436083.0176501,4,0.999,p9990,0.11327838897705078
1765436083.0176501,4,0.9999,p9999,5.75830078125
1765436083.0176501,4,,max,11.412109375
1765436083.0176501,5,0.9,p9000,0.009044647216796875
1765436083.0176501,5,0.95,p9500,0.013286590576171875
1765436083.0176501,5,0.99,p9900,0.027667999267578125
1765436083.0176501,5,0.999,p9990,0.06597328186035156
1765436083.0176501,5,0.9999,p9999,0.14200973510742188
1765436083.0176501,5,,max,2.5390625
1765436083.0176501,6,0.9,p9000,0.008487701416015625
1765436083.0176501,6,0.95,p9500,0.012310028076171875
1765436083.0176501,6,0.99,p9900,0.026737213134765625
1765436083.0176501,6,0.999,p9990,0.07436847686767578
1765436083.0176501,6,0.9999,p9999,0.15920257568359375
1765436083.0176501,6,,max,4.3125
1765436083.0176501,7,0.9,p9000,0.0097808837890625
1765436083.0176501,7,0.95,p9500,0.013759613037109375
1765436083.0176501,7,0.99,p9900,0.02770233154296875
1765436083.0176501,7,0.999,p9990,0.07601642608642578
1765436083.0176501,7,0.9999,p9999,0.1688251495361328
1765436083.0176501,7,,max,2.80615234375
1765436083.0176501,8,0.9,p9000,0.0098876953125
1765436083.0176501,8,0.95,p9500,0.0140533447265625
1765436083.0176501,8,0.99,p9900,0.030457019805908203
1765436083.0176501,8,0.999,p9990,0.09206867218017578
1765436083.0176501,8,0.9999,p9999,0.2060070037841797
1765436083.0176501,8,,max,7.8447265625
1765436083.0176501,9,0.9,p9000,0.010084152221679688
1765436083.0176501,9,0.95,p9500,0.014766693115234375
1765436083.0176501,9,0.99,p9900,0.0323486328125
1765436083.0176501,9,0.999,p9990,0.10189247131347656
1765436083.0176501,9,0.9999,p9999,0.2441234588623047
1765436083.0176501,9,,max,6.0107421875
1765436083.0176501,10,0.9,p9000,0.01070404052734375
1765436083.0176501,10,0.95,p9500,0.015790939331054688
1765436083.0176501,10,0.99,p9900,0.03833770751953125
1765436083.0176501,10,0.999,p9990,0.11769771575927734
1765436083.0176501,10,0.9999,p9999,0.43233489990234375
1765436083.0176501,10,,max,2.34765625
1765436083.0176501,11,0.9,p9000,0.010816574096679688
1765436083.0176501,11,0.95,p9500,0.01666259765625
1765436083.0176501,11,0.99,p9900,0.041778564453125
1765436083.0176501,11,0.999,p9990,0.13063430786132812
1765436083.0176501,11,0.9999,p9999,0.3500938415527344
1765436083.0176501,11,,max,6.2890625
1765436083.0176501,12,0.9,p9000,0.01026153564453125
1765436083.0176501,12,0.95,p9500,0.015478134155273438
1765436083.0176501,12,0.99,p9900,0.039467811584472656
1765436083.0176501,12,0.999,p9990,0.12403106689453125
1765436083.0176501,12,0.9999,p9999,0.2885932922363281
1765436083.0176501,12,,max,4.29833984375
1765436083.0176501,13,0.9,p9000,0.010644912719726562
1765436083.0176501,13,0.95,p9500,0.016523361206054688
1765436083.0176501,13,0.99,p9900,0.046036720275878906
1765436083.0176501,13,0.999,p9990,0.1479206085205078
1765436083.0176501,13,0.9999,p9999,0.4284477233886719
1765436083.0176501,13,,max,4.798828125
1765436083.0176501,14,0.9,p9000,0.01068878173828125
1765436083.0176501,14,0.95,p9500,0.01659393310546875
1765436083.0176501,14,0.99,p9900,0.050484657287597656
1765436083.0176501,14,0.999,p9990,0.15845489501953125
1765436083.0176501,14,0.9999,p9999,0.3652076721191406
1765436083.0176501,14,,max,5.6689453125
1765436083.0176501,15,0.9,p9000,0.011892318725585938
1765436083.0176501,15,0.95,p9500,0.019115447998046875
1765436083.0176501,15,0.99,p9900,0.06201171875
1765436083.0176501,15,0.999,p9990,0.22485733032226562
1765436083.0176501,15,0.9999,p9999,0.486358642578125
1765436083.0176501,15,,max,6.86328125
1765436083.0176501,16,0.9,p9000,0.012624740600585938
1765436083.0176501,16,0.95,p9500,0.02075958251953125
1765436083.0176501,16,0.99,p9900,0.0653839111328125
1765436083.0176501,16,0.999,p9990,0.23435211181640625
1765436083.0176501,16,0.9999,p9999,1.1578216552734375
1765436083.0176501,16,,max,18.44140625
1765436083.0176501,17,0.9,p9000,0.010768890380859375
1765436083.0176501,17,0.95,p9500,0.01854705810546875
1765436083.0176501,17,0.99,p9900,0.0632476806640625
1765436083.0176501,17,0.999,p9990,0.22801780700683594
1765436083.0176501,17,0.9999,p9999,0.7663421630859375
1765436083.0176501,17,,max,8.47265625
1765436083.0176501,18,0.9,p9000,0.011180877685546875
1765436083.0176501,18,0.95,p9500,0.02028656005859375
1765436083.0176501,18,0.99,p9900,0.073822021484375
1765436083.0176501,18,0.999,p9990,0.24231719970703125
1765436083.0176501,18,0.9999,p9999,0.697723388671875
1765436083.0176501,18,,max,29.875
1765436083.0176501,19,0.9,p9000,0.01219940185546875
1765436083.0176501,19,0.95,p9500,0.021846771240234375
1765436083.0176501,19,0.99,p9900,0.075103759765625
1765436083.0176501,19,0.999,p9990,0.2498493194580078
1765436083.0176501,19,0.9999,p9999,1.2140960693359375
1765436083.0176501,19,,max,15.90625
1765436083.0176501,20,0.9,p9000,0.012887954711914062
1765436083.0176501,20,0.95,p9500,0.0225830078125
1765436083.0176501,20,0.99,p9900,0.0749664306640625
1765436083.0176501,20,0.999,p9990,0.2154560089111328
1765436083.0176501,20,0.9999,p9999,0.5738906860351562
1765436083.0176501,20,,max,6.3056640625
1765436083.0176501,21,0.9,p9000,0.013713836669921875
1765436083.0176501,21,0.95,p9500,0.024200439453125
1765436083.0176501,21,0.99,p9900,0.07844734191894531
1765436083.0176501,21,0.999,p9990,0.21604156494140625
1765436083.0176501,21,0.9999,p9999,0.5258026123046875
1765436083.0176501,21,,max,12.8291015625
1765436083.0176501,22,0.9,p9000,0.013883590698242188
1765436083.0176501,22,0.95,p9500,0.023952484130859375
1765436083.0176501,22,0.99,p9900,0.0736846923828125
1765436083.0176501,22,0.999,p9990,0.21039581298828125
1765436083.0176501,22,0.9999,p9999,0.521270751953125
1765436083.0176501,22,,max,10.556640625
1765436083.0176501,23,0.9,p9000,0.013957977294921875
1765436083.0176501,23,0.95,p9500,0.023708343505859375
1765436083.0176501,23,0.99,p9900,0.0747833251953125
1765436083.0176501,23,0.999,p9990,0.2247447967529297
1765436083.0176501,23,0.9999,p9999,0.5869369506835938
1765436083.0176501,23,,max,11.43359375
1765436083.0176501,24,0.9,p9000,0.013895034790039062
1765436083.0176501,24,0.95,p9500,0.023761749267578125
1765436083.0176501,24,0.99,p9900,0.0745086669921875
1765436083.0176501,24,0.999,p9990,0.20754432678222656
1765436083.0176501,24,0.9999,p9999,0.5251121520996094
1765436083.0176501,24,,max,10.115234375
1765436083.0176501,25,0.9,p9000,0.015325546264648438
1765436083.0176501,25,0.95,p9500,0.027133941650390625
1765436083.0176501,25,0.99,p9900,0.0881805419921875
1765436083.0176501,25,0.999,p9990,0.259429931640625
1765436083.0176501,25,0.9999,p9999,0.7088623046875
1765436083.0176501,25,,max,8.9912109375
1765436083.0176501,26,0.9,p9000,0.017375946044921875
1765436083.0176501,26,0.95,p9500,0.03133392333984375
1765436083.0176501,26,0.99,p9900,0.10299873352050781
1765436083.0176501,26,0.999,p9990,0.3031883239746094
1765436083.0176501,26,0.9999,p9999,0.659698486328125
1765436083.0176501,26,,max,10.4130859375
1765436083.0176501,27,0.9,p9000,0.019321441650390625
1765436083.0176501,27,0.95,p9500,0.0361480712890625
1765436083.0176501,27,0.99,p9900,0.131683349609375
1765436083.0176501,27,0.999,p9990,0.4258918762207031
1765436083.0176501,27,0.9999,p9999,1.184722900390625
1765436083.0176501,27,,max,11.5810546875
1765436083.0176501,28,0.9,p9000,0.0224761962890625
1765436083.0176501,28,0.95,p9500,0.04412841796875
1765436083.0176501,28,0.99,p9900,0.169647216796875
1765436083.0176501,28,0.999,p9990,0.5531997680664062
1765436083.0176501,28,0.9999,p9999,0.97552490234375
1765436083.0176501,28,,max,8.3291015625
1765436083.0176501,29,0.9,p9000,0.027759552001953125
1765436083.0176501,29,0.95,p9500,0.05605316162109375
1765436083.0176501,29,0.99,p9900,0.26807403564453125
1765436083.0176501,29,0.999,p9990,0.6925582885742188
1765436083.0176501,29,0.9999,p9999,2.0592041015625
1765436083.0176501,29,,max,37.9609375
1765436083.0176501,30,0.9,p9000,0.05037689208984375
1765436083.0176501,30,0.95,p9500,0.106353759765625
1765436083.0176501,30,0.99,p9900,0.49420166015625
1765436083.0176501,30,0.999,p9990,1.3466033935546875
1765436083.0176501,30,0.9999,p9999,35.574951171875
1765436083.0176501,30,,max,2255.75
1765436083.0176501,31,0.9,p9000,0.37109375
1765436083.0176501,31,0.95,p9500,0.664794921875
1765436083.0176501,31,0.99,p9900,2.177734375
1765436083.0176501,31,0.999,p9990,8.2557373046875
1765436083.0176501,31,0.9999,p9999,19.081787109375
1765436083.0176501,31,,max,72.3125
1765440488.166888,0,0.9,p9000,0.003323078155517578
1765440488.166888,0,0.95,p9500,0.005122184753417969
1765440488.166888,0,0.99,p9900,0.01668548583984375
1765440488.166888,0,0.999,p9990,0.1416149139404297
1765440488.166888,0,0.9999,p9999,1.297088623046875
1765440488.166888,0,,max,2.23193359375
1765440488.166888,1,0.9,p9000,0.016353607177734375
1765440488.166888,1,0.95,p9500,0.025646209716796875
1765440488.166888,1,0.99,p9900,0.07208251953125
1765440488.166888,1,0.999,p9990,0.4287376403808594
1765440488.166888,1,0.9999,p9999,73.58935546875
1765440488.166888,1,,max,1488.25
1765440488.166888,2,0.9,p9000,0.002403736114501953
1765440488.166888,2,0.95,p9500,0.004023551940917969
1765440488.166888,2,0.99,p9900,0.014722824096679688
1765440488.166888,2,0.999,p9990,0.0739593505859375
1765440488.166888,2,0.9999,p9999,0.3393211364746094
1765440488.166888,2,,max,4.625
1765440488.166888,3,0.9,p9000,0.00434112548828125
1765440488.166888,3,0.95,p9500,0.007138729095458984
1765440488.166888,3,0.99,p9900,0.018856048583984375
1765440488.166888,3,0.999,p9990,0.05011463165283203
1765440488.166888,3,0.9999,p9999,0.11882400512695312
1765440488.166888,3,,max,1.95703125
1765440488.166888,4,0.9,p9000,0.009336471557617188
1765440488.166888,4,0.95,p9500,0.015077590942382812
1765440488.166888,4,0.99,p9900,0.039071083068847656
1765440488.166888,4,0.999,p9990,0.11328792572021484
1765440488.166888,4,0.9999,p9999,5.540283203125
1765440488.166888,4,,max,11.41796875
1765440488.166888,5,0.9,p9000,0.008989334106445312
1765440488.166888,5,0.95,p9500,0.013241767883300781
1765440488.166888,5,0.99,p9900,0.028583526611328125
1765440488.166888,5,0.999,p9990,0.07100868225097656
1765440488.166888,5,0.9999,p9999,0.16166305541992188
1765440488.166888,5,,max,2.65087890625
1765440488.166888,6,0.9,p9000,0.008510589599609375
1765440488.166888,6,0.95,p9500,0.01253509521484375
1765440488.166888,6,0.99,p9900,0.0302276611328125
1765440488.166888,6,0.999,p9990,0.0897369384765625
1765440488.166888,6,0.9999,p9999,0.20282363891601562
1765440488.166888,6,,max,4.7880859375
1765440488.166888,7,0.9,p9000,0.009912490844726562
1765440488.166888,7,0.95,p9500,0.014217376708984375
1765440488.166888,7,0.99,p9900,0.033359527587890625
1765440488.166888,7,0.999,p9990,0.09751319885253906
1765440488.166888,7,0.9999,p9999,0.23107528686523438
1765440488.166888,7,,max,3.78662109375
1765440488.166888,8,0.9,p9000,0.00998687744140625
1765440488.166888,8,0.95,p9500,0.014461517333984375
1765440488.166888,8,0.99,p9900,0.037278175354003906
1765440488.166888,8,0.999,p9990,0.11173439025878906
1765440488.166888,8,0.9999,p9999,0.25110435485839844
1765440488.166888,8,,max,8.9638671875
1765440488.166888,9,0.9,p9000,0.010162353515625
1765440488.166888,9,0.95,p9500,0.01515960693359375
1765440488.166888,9,0.99,p9900,0.03902435302734375
1765440488.166888,9,0.999,p9990,0.12359428405761719
1765440488.166888,9,0.9999,p9999,0.2765693664550781
1765440488.166888,9,,max,6.4921875
1765440488.166888,10,0.9,p9000,0.010740280151367188
1765440488.166888,10,0.95,p9500,0.016094207763671875
1765440488.166888,10,0.99,p9900,0.04367828369140625
1765440488.166888,10,0.999,p9990,0.13512039184570312
1765440488.166888,10,0.9999,p9999,0.4862403869628906
1765440488.166888,10,,max,5.00390625
1765440488.166888,11,0.9,p9000,0.010919570922851562
1765440488.166888,11,0.95,p9500,0.017181396484375
1765440488.166888,11,0.99,p9900,0.04846954345703125
1765440488.166888,11,0.999,p9990,0.14345741271972656
1765440488.166888,11,0.9999,p9999,0.3583221435546875
1765440488.166888,11,,max,6.4365234375
1765440488.166888,12,0.9,p9000,0.010324478149414062
1765440488.166888,12,0.95,p9500,0.015718460083007812
1765440488.166888,12,0.99,p9900,0.045937538146972656
1765440488.166888,12,0.999,p9990,0.1444416046142578
1765440488.166888,12,0.9999,p9999,0.3185882568359375
1765440488.166888,12,,max,3.689453125
1765440488.166888,13,0.9,p9000,0.010746002197265625
1765440488.166888,13,0.95,p9500,0.016941070556640625
1765440488.166888,13,0.99,p9900,0.0517425537109375
1765440488.166888,13,0.999,p9990,0.15968704223632812
1765440488.166888,13,0.9999,p9999,0.4366302490234375
1765440488.166888,13,,max,5.29296875
1765440488.166888,14,0.9,p9000,0.010805130004882812
1765440488.166888,14,0.95,p9500,0.01696014404296875
1765440488.166888,14,0.99,p9900,0.0561370849609375
1765440488.166888,14,0.999,p9990,0.17161941528320312
1765440488.166888,14,0.9999,p9999,0.39125823974609375
1765440488.166888,14,,max,6.1435546875
1765440488.166888,15,0.9,p9000,0.012022018432617188
1765440488.166888,15,0.95,p9500,0.019618988037109375
1765440488.166888,15,0.99,p9900,0.06806182861328125
1765440488.166888,15,0.999,p9990,0.2342357635498047
1765440488.166888,15,0.9999,p9999,0.5093841552734375
1765440488.166888,15,,max,6.673828125
1765440488.166888,16,0.9,p9000,0.01287841796875
1765440488.166888,16,0.95,p9500,0.021587371826171875
1765440488.166888,16,0.99,p9900,0.073089599609375
1765440488.166888,16,0.999,p9990,0.2438507080078125
1765440488.166888,16,0.9999,p9999,1.2597198486328125
1765440488.166888,16,,max,18.4375
1765440488.166888,17,0.9,p9000,0.011058807373046875
1765440488.166888,17,0.95,p9500,0.0193328857421875
1765440488.166888,17,0.99,p9900,0.0714263916015625
1765440488.166888,17,0.999,p9990,0.24021148681640625
1765440488.166888,17,0.9999,p9999,0.7622756958007812
1765440488.166888,17,,max,8.796875
1765440488.166888,18,0.9,p9000,0.011671066284179688
1765440488.166888,18,0.95,p9500,0.021327972412109375
1765440488.166888,18,0.99,p9900,0.080352783203125
1765440488.166888,18,0.999,p9990,0.2554950714111328
1765440488.166888,18,0.9999,p9999,0.6743087768554688
1765440488.166888,18,,max,31.01953125
1765440488.166888,19,0.9,p9000,0.01279449462890625
1765440488.166888,19,0.95,p9500,0.02321624755859375
1765440488.166888,19,0.99,p9900,0.08297920227050781
1765440488.166888,19,0.999,p9990,0.2743511199951172
1765440488.166888,19,0.9999,p9999,1.42864990234375
1765440488.166888,19,,max,15.8828125
1765440488.166888,20,0.9,p9000,0.013628005981445312
1765440488.166888,20,0.95,p9500,0.024349212646484375
1765440488.166888,20,0.99,p9900,0.085174560546875
1765440488.166888,20,0.999,p9990,0.26108551025390625
1765440488.166888,20,0.9999,p9999,0.6827163696289062
1765440488.166888,20,,max,13.111328125
1765440488.166888,21,0.9,p9000,0.014562606811523438
1765440488.166888,21,0.95,p9500,0.026103973388671875
1765440488.166888,21,0.99,p9900,0.0885467529296875
1765440488.166888,21,0.999,p9990,0.2621898651123047
1765440488.166888,21,0.9999,p9999,0.7226715087890625
1765440488.166888,21,,max,10.751953125
1765440488.166888,22,0.9,p9000,0.014987945556640625
1765440488.166888,22,0.95,p9500,0.026325225830078125
1765440488.166888,22,0.99,p9900,0.08690261840820312
1765440488.166888,22,0.999,p9990,0.26698875427246094
1765440488.166888,22,0.9999,p9999,0.72857666015625
1765440488.166888,22,,max,13.541015625
1765440488.166888,23,0.9,p9000,0.015047073364257812
1765440488.166888,23,0.95,p9500,0.026111602783203125
1765440488.166888,23,0.99,p9900,0.088653564453125
1765440488.166888,23,0.999,p9990,0.3012828826904297
1765440488.166888,23,0.9999,p9999,0.8158340454101562
1765440488.166888,23,,max,9.5869140625
1765440488.166888,24,0.9,p9000,0.015062332153320312
1765440488.166888,24,0.95,p9500,0.026580810546875
1765440488.166888,24,0.99,p9900,0.0894317626953125
1765440488.166888,24,0.999,p9990,0.27570343017578125
1765440488.166888,24,0.9999,p9999,0.7527999877929688
1765440488.166888,24,,max,15.35546875
1765440488.166888,25,0.9,p9000,0.016880035400390625
1765440488.166888,25,0.95,p9500,0.030553817749023438
1765440488.166888,25,0.99,p9900,0.10421943664550781
1765440488.166888,25,0.999,p9990,0.32379150390625
1765440488.166888,25,0.9999,p9999,0.861602783203125
1765440488.166888,25,,max,16.2451171875
1765440488.166888,26,0.9,p9000,0.019336700439453125
1765440488.166888,26,0.95,p9500,0.0353240966796875
1765440488.166888,26,0.99,p9900,0.12019538879394531
1765440488.166888,26,0.999,p9990,0.35025787353515625
1765440488.166888,26,0.9999,p9999,0.8703842163085938
1765440488.166888,26,,max,13.865234375
1765440488.166888,27,0.9,p9000,0.021770477294921875
1765440488.166888,27,0.95,p9500,0.04143524169921875
1765440488.166888,27,0.99,p9900,0.15127944946289062
1765440488.166888,27,0.999,p9990,0.4554710388183594
1765440488.166888,27,0.9999,p9999,1.295745849609375
1765440488.166888,27,,max,15.12890625
1765440488.166888,28,0.9,p9000,0.02571868896484375
1765440488.166888,28,0.95,p9500,0.0507659912109375
1765440488.166888,28,0.99,p9900,0.19806671142578125
1765440488.166888,28,0.999,p9990,0.57373046875
1765440488.166888,28,0.9999,p9999,1.0940475463867188
1765440488.166888,28,,max,16.123046875
1765440488.166888,29,0.9,p9000,0.031932830810546875
1765440488.166888,29,0.95,p9500,0.06534576416015625
1765440488.166888,29,0.99,p9900,0.30628204345703125
1765440488.166888,29,0.999,p9990,0.7193679809570312
1765440488.166888,29,0.9999,p9999,1.829620361328125
1765440488.166888,29,,max,38.1484375
1765440488.166888,30,0.9,p9000,0.059722900390625
1765440488.166888,30,0.95,p9500,0.127655029296875
1765440488.166888,30,0.99,p9900,0.5330810546875
1765440488.166888,30,0.999,p9990,1.4621124267578125
1765440488.166888,30,0.9999,p9999,26.874267578125
1765440488.166888,30,,max,2381.5
1765440488.166888,31,0.9,p9000,0.43621826171875
1765440488.166888,31,0.95,p9500,0.76025390625
1765440488.166888,31,0.99,p9900,2.64697265625
1765440488.166888,31,0.999,p9990,9.72833251953125
1765440488.166888,31,0.9999,p9999,22.349853515625
1765440488.166888,31,,max,72.375
1765440725.638466,0,0.9,p9000,0.003323078155517578
1765440725.638466,0,0.95,p9500,0.005122184753417969
1765440725.638466,0,0.99,p9900,0.01668548583984375
1765440725.638466,0,0.999,p9990,0.1416149139404297
1765440725.638466,0,0.9999,p9999,1.297088623046875
1765440725.638466,0,,max,2.23193359375
1765440725.638466,1,0.9,p9000,0.016353607177734375
1765440725.638466,1,0.95,p9500,0.025646209716796875
1765440725.638466,1,0.99,p9900,0.07208251953125
1765440725.638466,1,0.999,p9990,0.4287376403808594
1765440725.638466,1,0.9999,p9999,73.58935546875
1765440725.638466,1,,max,1488.25
1765440725.638466,2,0.9,p9000,0.002403736114501953
1765440725.638466,2,0.95,p9500,0.004023551940917969
1765440725.638466,2,0.99,p9900,0.014722824096679688
1765440725.638466,2,0.999,p9990,0.0739593505859375
1765440725.638466,2,0.9999,p9999,0.3393211364746094
1765440725.638466,2,,max,4.625
1765440725.638466,3,0.9,p9000,0.00434112548828125
1765440725.638466,3,0.95,p9500,0.007138729095458984
1765440725.638466,3,0.99,p9900,0.018856048583984375
1765440725.638466,3,0.999,p9990,0.05011463165283203
1765440725.638466,3,0.9999,p9999,0.11882400512695312
1765440725.638466,3,,max,1.95703125
1765440725.638466,4,0.9,p9000,0.009336471557617188
1765440725.638466,4,0.95,p9500,0.015077590942382812
1765440725.638466,4,0.99,p9900,0.039071083068847656
1765440725.638466,4,0.999,p9990,0.11328792572021484
1765440725.638466,4,0.9999,p9999,5.540283203125
1765440725.638466,4,,max,11.41796875
1765440725.638466,5,0.9,p9000,0.008989334106445312
1765440725.638466,5,0.95,p9500,0.013241767883300781
1765440725.638466,5,0.99,p9900,0.028583526611328125
1765440725.638466,5,0.999,p9990,0.07100868225097656
1765440725.638466,5,0.9999,p9999,0.16166305541992188
1765440725.638466,5,,max,2.65087890625
1765440725.638466,6,0.9,p9000,0.008510589599609375
1765440725.638466,6,0.95,p9500,0.01253509521484375
1765440725.638466,6,0.99,p9900,0.0302276611328125
1765440725.638466,6,0.999,p9990,0.0897369384765625
1765440725.638466,6,0.9999,p9999,0.20282363891601562
1765440725.638466,6,,max,4.7880859375
1765440725.638466,7,0.9,p9000,0.009912490844726562
1765440725.638466,7,0.95,p9500,0.014217376708984375
1765440725.638466,7,0.99,p9900,0.033359527587890625
1765440725.638466,7,0.999,p9990,0.09751319885253906
1765440725.638466,7,0.9999,p9999,0.23107528686523438
1765440725.638466,7,,max,3.78662109375
1765440725.638466,8,0.9,p9000,0.00998687744140625
1765440725.638466,8,0.95,p9500,0.014461517333984375
1765440725.638466,8,0.99,p9900,0.037278175354003906
1765440725.638466,8,0.999,p9990,0.11173439025878906
1765440725.638466,8,0.9999,p9999,0.25110435485839844
1765440725.638466,8,,max,8.9638671875
1765440725.638466,9,0.9,p9000,0.010162353515625
1765440725.638466,9,0.95,p9500,0.01515960693359375
1765440725.638466,9,0.99,p9900,0.03902435302734375
1765440725.638466,9,0.999,p9990,0.12359428405761719
1765440725.638466,9,0.9999,p9999,0.2765693664550781
1765440725.638466,9,,max,6.4921875
1765440725.638466,10,0.9,p9000,0.010740280151367188
1765440725.638466,10,0.95,p9500,0.016094207763671875
1765440725.638466,10,0.99,p9900,0.04367828369140625
1765440725.638466,10,0.999,p9990,0.13512039184570312
1765440725.638466,10,0.9999,p9999,0.4862403869628906
1765440725.638466,10,,max,5.00390625
1765440725.638466,11,0.9,p9000,0.010919570922851562
1765440725.638466,11,0.95,p9500,0.017181396484375
1765440725.638466,11,0.99,p9900,0.04846954345703125
1765440725.638466,11,0.999,p9990,0.14345741271972656
1765440725.638466,11,0.9999,p9999,0.3583221435546875
1765440725.638466,11,,max,6.4365234375
1765440725.638466,12,0.9,p9000,0.010324478149414062
1765440725.638466,12,0.95,p9500,0.015718460083007812
1765440725.638466,12,0.99,p9900,0.045937538146972656
1765440725.638466,12,0.999,p9990,0.1444416046142578
1765440725.638466,12,0.9999,p9999,0.3185882568359375
1765440725.638466,12,,max,3.689453125
1765440725.638466,13,0.9,p9000,0.010746002197265625
1765440725.638466,13,0.95,p9500,0.016941070556640625
1765440725.638466,13,0.99,p9900,0.0517425537109375
1765440725.638466,13,0.999,p9990,0.15968704223632812
1765440725.638466,13,0.9999,p9999,0.4366302490234375
1765440725.638466,13,,max,5.29296875
1765440725.638466,14,0.9,p9000,0.010805130004882812
1765440725.638466,14,0.95,p9500,0.01696014404296875
1765440725.638466,14,0.99,p9900,0.0561370849609375
1765440725.638466,14,0.999,p9990,0.17161941528320312
1765440725.638466,14,0.9999,p9999,0.39125823974609375
1765440725.638466,14,,max,6.1435546875
1765440725.638466,15,0.9,p9000,0.012022018432617188
1765440725.638466,15,0.95,p9500,0.019618988037109375
1765440725.638466,15,0.99,p9900,0.06806182861328125
1765440725.638466,15,0.999,p9990,0.2342357635498047
1765440725.638466,15,0.9999,p9999,0.5093841552734375
1765440725.638466,15,,max,6.673828125
1765440725.638466,16,0.9,p9000,0.01287841796875
1765440725.638466,16,0.95,p9500,0.021587371826171875
1765440725.638466,16,0.99,p9900,0.073089599609375
1765440725.638466,16,0.999,p9990,0.2438507080078125
1765440725.638466,16,0.9999,p9999,1.2597198486328125
1765440725.638466,16,,max,18.4375
1765440725.638466,17,0.9,p9000,0.011058807373046875
1765440725.638466,17,0.95,p9500,0.0193328857421875
1765440725.638466,17,0.99,p9900,0.0714263916015625
1765440725.638466,17,0.999,p9990,0.24021148681640625
1765440725.638466,17,0.9999,p9999,0.7622756958007812
1765440725.638466,17,,max,8.796875
1765440725.638466,18,0.9,p9000,0.011671066284179688
1765440725.638466,18,0.95,p9500,0.021327972412109375
1765440725.638466,18,0.99,p9900,0.080352783203125
1765440725.638466,18,0.999,p9990,0.2554950714111328
1765440725.638466,18,0.9999,p9999,0.6743087768554688
1765440725.638466,18,,max,31.01953125
1765440725.638466,19,0.9,p9000,0.01279449462890625
1765440725.638466,19,0.95,p9500,0.02321624755859375
1765440725.638466,19,0.99,p9900,0.08297920227050781
1765440725.638466,19,0.999,p9990,0.2743511199951172
1765440725.638466,19,0.9999,p9999,1.42864990234375
1765440725.638466,19,,max,15.8828125
1765440725.638466,20,0.9,p9000,0.013628005981445312
1765440725.638466,20,0.95,p9500,0.024349212646484375
1765440725.638466,20,0.99,p9900,0.085174560546875
1765440725.638466,20,0.999,p9990,0.26108551025390625
1765440725.638466,20,0.9999,p9999,0.6827163696289062
1765440725.638466,20,,max,13.111328125
1765440725.638466,21,0.9,p9000,0.014562606811523438
1765440725.638466,21,0.95,p9500,0.026103973388671875
1765440725.638466,21,0.99,p9900,0.0885467529296875
1765440725.638466,21,0.999,p9990,0.2621898651123047
1765440725.638466,21,0.9999,p9999,0.7226715087890625
1765440725.638466,21,,max,10.751953125
1765440725.638466,22,0.9,p9000,0.014987945556640625
1765440725.638466,22,0.95,p9500,0.026325225830078125
1765440725.638466,22,0.99,p9900,0.08690261840820312
1765440725.638466,22,0.999,p9990,0.26698875427246094
1765440725.638466,22,0.9999,p9999,0.72857666015625
1765440725.638466,22,,max,13.541015625
1765440725.638466,23,0.9,p9000,0.015047073364257812
1765440725.638466,23,0.95,p9500,0.026111602783203125
1765440725.638466,23,0.99,p9900,0.088653564453125
1765440725.638466,23,0.999,p9990,0.3012828826904297
1765440725.638466,23,0.9999,p9999,0.8158340454101562
1765440725.638466,23,,max,9.5869140625
1765440725.638466,24,0.9,p9000,0.015062332153320312
1765440725.638466,24,0.95,p9500,0.026580810546875
1765440725.638466,24,0.99,p9900,0.0894317626953125
1765440725.638466,24,0.999,p9990,0.27570343017578125
1765440725.638466,24,0.9999,p9999,0.7527999877929688
1765440725.638466,24,,max,15.35546875
1765440725.638466,25,0.9,p9000,0.016880035400390625
1765440725.638466,25,0.95,p9500,0.030553817749023438
1765440725.638466,25,0.99,p9900,0.10421943664550781
1765440725.638466,25,0.999,p9990,0.32379150390625
1765440725.638466,25,0.9999,p9999,0.861602783203125
1765440725.638466,25,,max,16.2451171875
1765440725.638466,26,0.9,p9000,0.019336700439453125
1765440725.638466,26,0.95,p9500,0.0353240966796875
1765440725.638466,26,0.99,p9900,0.12019538879394531
1765440725.638466,26,0.999,p9990,0.35025787353515625
1765440725.638466,26,0.9999,p9999,0.8703842163085938
1765440725.638466,26,,max,13.865234375
1765440725.638466,27,0.9,p9000,0.021770477294921875
1765440725.638466,27,0.95,p9500,0.04143524169921875
1765440725.638466,27,0.99,p9900,0.15127944946289062
1765440725.638466,27,0.999,p9990,0.4554710388183594
1765440725.638466,27,0.9999,p9999,1.295745849609375
1765440725.638466,27,,max,15.12890625
1765440725.638466,28,0.9,p9000,0.02571868896484375
1765440725.638466,28,0.95,p9500,0.0507659912109375
1765440725.638466,28,0.99,p9900,0.19806671142578125
1765440725.638466,28,0.999,p9990,0.57373046875
1765440725.638466,28,0.9999,p9999,1.0940475463867188
1765440725.638466,28,,max,16.123046875
1765440725.638466,29,0.9,p9000,0.031932830810546875
1765440725.638466,29,0.95,p9500,0.06534576416015625
1765440725.638466,29,0.99,p9900,0.30628204345703125
1765440725.638466,29,0.999,p9990,0.7193679809570312
1765440725.638466,29,0.9999,p9999,1.829620361328125
1765440725.638466,29,,max,38.1484375
1765440725.638466,30,0.9,p9000,0.059722900390625
1765440725.638466,30,0.95,p9500,0.127655029296875
1765440725.638466,30,0.99,p9900,0.5330810546875
1765440725.638466,30,0.999,p9990,1.4621124267578125
1765440725.638466,30,0.9999,p9999,26.874267578125
1765440725.638466,30,,max,2381.5
1765440725.638466,31,0.9,p9000,0.43621826171875
1765440725.638466,31,0.95,p9500,0.76025390625
1765440725.638466,31,0.99,p9900,2.64697265625
1765440725.638466,31,0.999,p9990,9.72833251953125
1765440725.638466,31,0.9999,p9999,22.349853515625
1765440725.638466,31,,max,72.375
1765442778.9784055,0,0.9,p9000,0.0032711029052734375
1765442778.9784055,0,0.95,p9500,0.0050411224365234375
1765442778.9784055,0,0.99,p9900,0.0164947509765625
1765442778.9784055,0,0.999,p9990,0.13887405395507812
1765442778.9784055,0,0.9999,p9999,1.2924346923828125
1765442778.9784055,0,,max,2.203125
1765442778.9784055,1,0.9,p9000,0.016000747680664062
1765442778.9784055,1,0.95,p9500,0.02507781982421875
1765442778.9784055,1,0.99,p9900,0.07008552551269531
1765442778.9784055,1,0.999,p9990,0.4126625061035156
1765442778.9784055,1,0.9999,p9999,69.94580078125
1765442778.9784055,1,,max,1493.5
1765442778.9784055,2,0.9,p9000,0.0024805068969726562
1765442778.9784055,2,0.95,p9500,0.004242420196533203
1765442778.9784055,2,0.99,p9900,0.015254974365234375
1765442778.9784055,2,0.999,p9990,0.07488441467285156
1765442778.9784055,2,0.9999,p9999,0.3373260498046875
1765442778.9784055,2,,max,4.625
1765442778.9784055,3,0.9,p9000,0.0044765472412109375
1765442778.9784055,3,0.95,p9500,0.0074672698974609375
1765442778.9784055,3,0.99,p9900,0.01976776123046875
1765442778.9784055,3,0.999,p9990,0.05282163619995117
1765442778.9784055,3,0.9999,p9999,0.12866973876953125
1765442778.9784055,3,,max,1.989501953125
1765442778.9784055,4,0.9,p9000,0.0095672607421875
1765442778.9784055,4,0.95,p9500,0.01548004150390625
1765442778.9784055,4,0.99,p9900,0.0401763916015625
1765442778.9784055,4,0.999,p9990,0.11359596252441406
1765442778.9784055,4,0.9999,p9999,5.4801025390625
1765442778.9784055,4,,max,11.4375
1765442778.9784055,5,0.9,p9000,0.00914764404296875
1765442778.9784055,5,0.95,p9500,0.013639450073242188
1765442778.9784055,5,0.99,p9900,0.03050994873046875
1765442778.9784055,5,0.999,p9990,0.07608699798583984
1765442778.9784055,5,0.9999,p9999,0.17468833923339844
1765442778.9784055,5,,max,3.28369140625
1765442778.9784055,6,0.9,p9000,0.008710861206054688
1765442778.9784055,6,0.95,p9500,0.01313018798828125
1765442778.9784055,6,0.99,p9900,0.033824920654296875
1765442778.9784055,6,0.999,p9990,0.09618568420410156
1765442778.9784055,6,0.9999,p9999,0.219146728515625
1765442778.9784055,6,,max,5.06640625
1765442778.9784055,7,0.9,p9000,0.010162353515625
1765442778.9784055,7,0.95,p9500,0.01494598388671875
1765442778.9784055,7,0.99,p9900,0.0375218391418457
1765442778.9784055,7,0.999,p9990,0.10577106475830078
1765442778.9784055,7,0.9999,p9999,0.24760818481445312
1765442778.9784055,7,,max,7.85107421875
1765442778.9784055,8,0.9,p9000,0.010257720947265625
1765442778.9784055,8,0.95,p9500,0.015310287475585938
1765442778.9784055,8,0.99,p9900,0.04205322265625
1765442778.9784055,8,0.999,p9990,0.11842060089111328
1765442778.9784055,8,0.9999,p9999,0.2794971466064453
1765442778.9784055,8,,max,11.6220703125
1765442778.9784055,9,0.9,p9000,0.010471343994140625
1765442778.9784055,9,0.95,p9500,0.016063690185546875
1765442778.9784055,9,0.99,p9900,0.044297218322753906
1765442778.9784055,9,0.999,p9990,0.13153743743896484
1765442778.9784055,9,0.9999,p9999,0.2983512878417969
1765442778.9784055,9,,max,7.7734375
1765442778.9784055,10,0.9,p9000,0.011026382446289062
1765442778.9784055,10,0.95,p9500,0.017152786254882812
1765442778.9784055,10,0.99,p9900,0.04911041259765625
1765442778.9784055,10,0.999,p9990,0.14508438110351562
1765442778.9784055,10,0.9999,p9999,0.4910774230957031
1765442778.9784055,10,,max,5.4462890625
1765442778.9784055,11,0.9,p9000,0.011327743530273438
1765442778.9784055,11,0.95,p9500,0.01837158203125
1765442778.9784055,11,0.99,p9900,0.054390907287597656
1765442778.9784055,11,0.999,p9990,0.15328407287597656
1765442778.9784055,11,0.9999,p9999,0.3715400695800781
1765442778.9784055,11,,max,6.63671875
1765442778.9784055,12,0.9,p9000,0.010671615600585938
1765442778.9784055,12,0.95,p9500,0.016880035400390625
1765442778.9784055,12,0.99,p9900,0.052628517150878906
1765442778.9784055,12,0.999,p9990,0.1565380096435547
1765442778.9784055,12,0.9999,p9999,0.362030029296875
1765442778.9784055,12,,max,4.6220703125
1765442778.9784055,13,0.9,p9000,0.011167526245117188
1765442778.9784055,13,0.95,p9500,0.018383026123046875
1765442778.9784055,13,0.99,p9900,0.05834197998046875
1765442778.9784055,13,0.999,p9990,0.1712779998779297
1765442778.9784055,13,0.9999,p9999,0.44979095458984375
1765442778.9784055,13,,max,6.5869140625
1765442778.9784055,14,0.9,p9000,0.011247634887695312
1765442778.9784055,14,0.95,p9500,0.018520355224609375
1765442778.9784055,14,0.99,p9900,0.0626983642578125
1765442778.9784055,14,0.999,p9990,0.18378448486328125
1765442778.9784055,14,0.9999,p9999,0.4178123474121094
1765442778.9784055,14,,max,6.6865234375
1765442778.9784055,15,0.9,p9000,0.0125579833984375
1765442778.9784055,15,0.95,p9500,0.021327972412109375
1765442778.9784055,15,0.99,p9900,0.07454776763916016
1765442778.9784055,15,0.999,p9990,0.2464447021484375
1765442778.9784055,15,0.9999,p9999,0.5407676696777344
1765442778.9784055,15,,max,8.2158203125
1765442778.9784055,16,0.9,p9000,0.01346588134765625
1765442778.9784055,16,0.95,p9500,0.023487091064453125
1765442778.9784055,16,0.99,p9900,0.08014106750488281
1765442778.9784055,16,0.999,p9990,0.25656890869140625
1765442778.9784055,16,0.9999,p9999,1.3535614013671875
1765442778.9784055,16,,max,18.4453125
1765442778.9784055,17,0.9,p9000,0.011632919311523438
1765442778.9784055,17,0.95,p9500,0.02133941650390625
1765442778.9784055,17,0.99,p9900,0.0789947509765625
1765442778.9784055,17,0.999,p9990,0.2512950897216797
1765442778.9784055,17,0.9999,p9999,0.7852401733398438
1765442778.9784055,17,,max,9.0732421875
1765442778.9784055,18,0.9,p9000,0.012348175048828125
1765442778.9784055,18,0.95,p9500,0.023632049560546875
1765442778.9784055,18,0.99,p9900,0.0882415771484375
1765442778.9784055,18,0.999,p9990,0.2716999053955078
1765442778.9784055,18,0.9999,p9999,0.7323074340820312
1765442778.9784055,18,,max,30.1796875
1765442778.9784055,19,0.9,p9000,0.01348876953125
1765442778.9784055,19,0.95,p9500,0.025432586669921875
1765442778.9784055,19,0.99,p9900,0.0912017822265625
1765442778.9784055,19,0.999,p9990,0.29300689697265625
1765442778.9784055,19,0.9999,p9999,1.48394775390625
1765442778.9784055,19,,max,15.91796875
1765442778.9784055,20,0.9,p9000,0.0143280029296875
1765442778.9784055,20,0.95,p9500,0.026744842529296875
1765442778.9784055,20,0.99,p9900,0.09431648254394531
1765442778.9784055,20,0.999,p9990,0.28719520568847656
1765442778.9784055,20,0.9999,p9999,0.7581405639648438
1765442778.9784055,20,,max,7.5361328125
1765442778.9784055,21,0.9,p9000,0.01531219482421875
1765442778.9784055,21,0.95,p9500,0.028463363647460938
1765442778.9784055,21,0.99,p9900,0.0970458984375
1765442778.9784055,21,0.999,p9990,0.2885932922363281
1765442778.9784055,21,0.9999,p9999,0.81512451171875
1765442778.9784055,21,,max,11.443359375
1765442778.9784055,22,0.9,p9000,0.015848159790039062
1765442778.9784055,22,0.95,p9500,0.02878570556640625
1765442778.9784055,22,0.99,p9900,0.09765815734863281
1765442778.9784055,22,0.999,p9990,0.2969627380371094
1765442778.9784055,22,0.9999,p9999,0.810302734375
1765442778.9784055,22,,max,12.076171875
1765442778.9784055,23,0.9,p9000,0.015882492065429688
1765442778.9784055,23,0.95,p9500,0.028621673583984375
1765442778.9784055,23,0.99,p9900,0.0991973876953125
1765442778.9784055,23,0.999,p9990,0.3274269104003906
1765442778.9784055,23,0.9999,p9999,0.8569107055664062
1765442778.9784055,23,,max,12.2734375
1765442778.9784055,24,0.9,p9000,0.015960693359375
1765442778.9784055,24,0.95,p9500,0.029109954833984375
1765442778.9784055,24,0.99,p9900,0.100189208984375
1765442778.9784055,24,0.999,p9990,0.30477333068847656
1765442778.9784055,24,0.9999,p9999,0.827972412109375
1765442778.9784055,24,,max,12.857421875
1765442778.9784055,25,0.9,p9000,0.017910003662109375
1765442778.9784055,25,0.95,p9500,0.0332794189453125
1765442778.9784055,25,0.99,p9900,0.1144561767578125
1765442778.9784055,25,0.999,p9990,0.3521156311035156
1765442778.9784055,25,0.9999,p9999,0.9264602661132812
1765442778.9784055,25,,max,15.43359375
1765442778.9784055,26,0.9,p9000,0.02057647705078125
1765442778.9784055,26,0.95,p9500,0.03844451904296875
1765442778.9784055,26,0.99,p9900,0.1299896240234375
1765442778.9784055,26,0.999,p9990,0.3737068176269531
1765442778.9784055,26,0.9999,p9999,0.89013671875
1765442778.9784055,26,,max,12.5439453125
1765442778.9784055,27,0.9,p9000,0.023281097412109375
1765442778.9784055,27,0.95,p9500,0.04496002197265625
1765442778.9784055,27,0.99,p9900,0.16107177734375
1765442778.9784055,27,0.999,p9990,0.47519683837890625
1765442778.9784055,27,0.9999,p9999,1.3809661865234375
1765442778.9784055,27,,max,15.421875
1765442778.9784055,28,0.9,p9000,0.027690887451171875
1765442778.9784055,28,0.95,p9500,0.0552520751953125
1765442778.9784055,28,0.99,p9900,0.21033096313476562
1765442778.9784055,28,0.999,p9990,0.5872573852539062
1765442778.9784055,28,0.9999,p9999,1.1537094116210938
1765442778.9784055,28,,max,14.388671875
1765442778.9784055,29,0.9,p9000,0.03441619873046875
1765442778.9784055,29,0.95,p9500,0.07097625732421875
1765442778.9784055,29,0.99,p9900,0.31751251220703125
1765442778.9784055,29,0.999,p9990,0.7412872314453125
1765442778.9784055,29,0.9999,p9999,1.857147216796875
1765442778.9784055,29,,max,38.6328125
1765442778.9784055,30,0.9,p9000,0.0645751953125
1765442778.9784055,30,0.95,p9500,0.1375274658203125
1765442778.9784055,30,0.99,p9900,0.54107666015625
1765442778.9784055,30,0.999,p9990,1.508514404296875
1765442778.9784055,30,0.9999,p9999,25.302734375
1765442778.9784055,30,,max,3144.25
1765442778.9784055,31,0.9,p9000,0.46392822265625
1765442778.9784055,31,0.95,p9500,0.80450439453125
1765442778.9784055,31,0.99,p9900,2.79986572265625
1765442778.9784055,31,0.999,p9990,10.29498291015625
1765442778.9784055,31,0.9999,p9999,22.66455078125
1765442778.9784055,31,,max,72.3125
1765443121.6628458,0,0.9,p9000,0.0032711029052734375
1765443121.6628458,0,0.95,p9500,0.0050411224365234375
1765443121.6628458,0,0.99,p9900,0.0164947509765625
1765443121.6628458,0,0.999,p9990,0.13887405395507812
1765443121.6628458,0,0.9999,p9999,1.2924346923828125
1765443121.6628458,0,,max,2.203125
1765443121.6628458,1,0.9,p9000,0.016000747680664062
1765443121.6628458,1,0.95,p9500,0.02507781982421875
1765443121.6628458,1,0.99,p9900,0.07008552551269531
1765443121.6628458,1,0.999,p9990,0.4126625061035156
1765443121.6628458,1,0.9999,p9999,69.94580078125
1765443121.6628458,1,,max,1493.5
1765443121.6628458,2,0.9,p9000,0.0024805068969726562
1765443121.6628458,2,0.95,p9500,0.004242420196533203
1765443121.6628458,2,0.99,p9900,0.015254974365234375
1765443121.6628458,2,0.999,p9990,0.07488441467285156
1765443121.6628458,2,0.9999,p9999,0.3373260498046875
1765443121.6628458,2,,max,4.625
1765443121.6628458,3,0.9,p9000,0.0044765472412109375
1765443121.6628458,3,0.95,p9500,0.0074672698974609375
1765443121.6628458,3,0.99,p9900,0.01976776123046875
1765443121.6628458,3,0.999,p9990,0.05282163619995117
1765443121.6628458,3,0.9999,p9999,0.12866973876953125
1765443121.6628458,3,,max,1.989501953125
1765443121.6628458,4,0.9,p9000,0.0095672607421875
1765443121.6628458,4,0.95,p9500,0.01548004150390625
1765443121.6628458,4,0.99,p9900,0.0401763916015625
1765443121.6628458,4,0.999,p9990,0.11359596252441406
1765443121.6628458,4,0.9999,p9999,5.4801025390625
1765443121.6628458,4,,max,11.4375
1765443121.6628458,5,0.9,p9000,0.00914764404296875
1765443121.6628458,5,0.95,p9500,0.013639450073242188
1765443121.6628458,5,0.99,p9900,0.03050994873046875
1765443121.6628458,5,0.999,p9990,0.07608699798583984
1765443121.6628458,5,0.9999,p9999,0.17468833923339844
1765443121.6628458,5,,max,3.28369140625
1765443121.6628458,6,0.9,p9000,0.008710861206054688
1765443121.6628458,6,0.95,p9500,0.01313018798828125
1765443121.6628458,6,0.99,p9900,0.033824920654296875
1765443121.6628458,6,0.999,p9990,0.09618568420410156
1765443121.6628458,6,0.9999,p9999,0.219146728515625
1765443121.6628458,6,,max,5.06640625
1765443121.6628458,7,0.9,p9000,0.010162353515625
1765443121.6628458,7,0.95,p9500,0.01494598388671875
1765443121.6628458,7,0.99,p9900,0.0375218391418457
1765443121.6628458,7,0.999,p9990,0.10577106475830078
1765443121.6628458,7,0.9999,p9999,0.24760818481445312
1765443121.6628458,7,,max,7.85107421875
1765443121.6628458,8,0.9,p9000,0.010257720947265625
1765443121.6628458,8,0.95,p9500,0.015310287475585938
1765443121.6628458,8,0.99,p9900,0.04205322265625
1765443121.6628458,8,0.999,p9990,0.11842060089111328
1765443121.6628458,8,0.9999,p9999,0.2794971466064453
1765443121.6628458,8,,max,11.6220703125
1765443121.6628458,9,0.9,p9000,0.010471343994140625
1765443121.6628458,9,0.95,p9500,0.016063690185546875
1765443121.6628458,9,0.99,p9900,0.044297218322753906
1765443121.6628458,9,0.999,p9990,0.13153743743896484
1765443121.6628458,9,0.9999,p9999,0.2983512878417969
1765443121.6628458,9,,max,7.7734375
1765443121.6628458,10,0.9,p9000,0.011026382446289062
1765443121.6628458,10,0.95,p9500,0.017152786254882812
1765443121.6628458,10,0.99,p9900,0.04911041259765625
1765443121.6628458,10,0.999,p9990,0.14508438110351562
1765443121.6628458,10,0.9999,p9999,0.4910774230957031
1765443121.6628458,10,,max,5.4462890625
1765443121.6628458,11,0.9,p9000,0.011327743530273438
1765443121.6628458,11,0.95,p9500,0.01837158203125
1765443121.6628458,11,0.99,p9900,0.054390907287597656
1765443121.6628458,11,0.999,p9990,0.15328407287597656
1765443121.6628458,11,0.9999,p9999,0.3715400695800781
1765443121.6628458,11,,max,6.63671875
1765443121.6628458,12,0.9,p9000,0.010671615600585938
1765443121.6628458,12,0.95,p9500,0.016880035400390625
1765443121.6628458,12,0.99,p9900,0.052628517150878906
1765443121.6628458,12,0.999,p9990,0.1565380096435547
1765443121.6628458,12,0.9999,p9999,0.362030029296875
1765443121.6628458,12,,max,4.6220703125
1765443121.6628458,13,0.9,p9000,0.011167526245117188
1765443121.6628458,13,0.95,p9500,0.018383026123046875
1765443121.6628458,13,0.99,p9900,0.05834197998046875
1765443121.6628458,13,0.999,p9990,0.1712779998779297
1765443121.6628458,13,0.9999,p9999,0.44979095458984375
1765443121.6628458,13,,max,6.5869140625
1765443121.6628458,14,0.9,p9000,0.011247634887695312
1765443121.6628458,14,0.95,p9500,0.018520355224609375
1765443121.6628458,14,0.99,p9900,0.0626983642578125
1765443121.6628458,14,0.999,p9990,0.18378448486328125
1765443121.6628458,14,0.9999,p9999,0.4178123474121094
1765443121.6628458,14,,max,6.6865234375
1765443121.6628458,15,0.9,p9000,0.0125579833984375
1765443121.6628458,15,0.95,p9500,0.021327972412109375
1765443121.6628458,15,0.99,p9900,0.07454776763916016
1765443121.6628458,15,0.999,p9990,0.2464447021484375
1765443121.6628458,15,0.9999,p9999,0.5407676696777344
1765443121.6628458,15,,max,8.2158203125
1765443121.6628458,16,0.9,p9000,0.01346588134765625
1765443121.6628458,16,0.95,p9500,0.023487091064453125
1765443121.6628458,16,0.99,p9900,0.08014106750488281
1765443121.6628458,16,0.999,p9990,0.25656890869140625
1765443121.6628458,16,0.9999,p9999,1.3535614013671875
1765443121.6628458,16,,max,18.4453125
1765443121.6628458,17,0.9,p9000,0.011632919311523438
1765443121.6628458,17,0.95,p9500,0.02133941650390625
1765443121.6628458,17,0.99,p9900,0.0789947509765625
1765443121.6628458,17,0.999,p9990,0.2512950897216797
1765443121.6628458,17,0.9999,p9999,0.7852401733398438
1765443121.6628458,17,,max,9.0732421875
1765443121.6628458,18,0.9,p9000,0.012348175048828125
1765443121.6628458,18,0.95,p9500,0.023632049560546875
1765443121.6628458,18,0.99,p9900,0.0882415771484375
1765443121.6628458,18,0.999,p9990,0.2716999053955078
1765443121.6628458,18,0.9999,p9999,0.7323074340820312
1765443121.6628458,18,,max,30.1796875
1765443121.6628458,19,0.9,p9000,0.01348876953125
1765443121.6628458,19,0.95,p9500,0.025432586669921875
1765443121.6628458,19,0.99,p9900,0.0912017822265625
1765443121.6628458,19,0.999,p9990,0.29300689697265625
1765443121.6628458,19,0.9999,p9999,1.48394775390625
1765443121.6628458,19,,max,15.91796875
1765443121.6628458,20,0.9,p9000,0.0143280029296875
1765443121.6628458,20,0.95,p9500,0.026744842529296875
1765443121.6628458,20,0.99,p9900,0.09431648254394531
1765443121.6628458,20,0.999,p9990,0.28719520568847656
1765443121.6628458,20,0.9999,p9999,0.7581405639648438
1765443121.6628458,20,,max,7.5361328125
1765443121.6628458,21,0.9,p9000,0.01531219482421875
1765443121.6628458,21,0.95,p9500,0.028463363647460938
1765443121.6628458,21,0.99,p9900,0.0970458984375
1765443121.6628458,21,0.999,p9990,0.2885932922363281
1765443121.6628458,21,0.9999,p9999,0.81512451171875
1765443121.6628458,21,,max,11.443359375
1765443121.6628458,22,0.9,p9000,0.015848159790039062
1765443121.6628458,22,0.95,p9500,0.02878570556640625
1765443121.6628458,22,0.99,p9900,0.09765815734863281
1765443121.6628458,22,0.999,p9990,0.2969627380371094
1765443121.6628458,22,0.9999,p9999,0.810302734375
1765443121.6628458,22,,max,12.076171875
1765443121.6628458,23,0.9,p9000,0.015882492065429688
1765443121.6628458,23,0.95,p9500,0.028621673583984375
1765443121.6628458,23,0.99,p9900,0.0991973876953125
1765443121.6628458,23,0.999,p9990,0.3274269104003906
1765443121.6628458,23,0.9999,p9999,0.8569107055664062
1765443121.6628458,23,,max,12.2734375
1765443121.6628458,24,0.9,p9000,0.015960693359375
1765443121.6628458,24,0.95,p9500,0.029109954833984375
1765443121.6628458,24,0.99,p9900,0.100189208984375
1765443121.6628458,24,0.999,p9990,0.30477333068847656
1765443121.6628458,24,0.9999,p9999,0.827972412109375
1765443121.6628458,24,,max,12.857421875
1765443121.6628458,25,0.9,p9000,0.017910003662109375
1765443121.6628458,25,0.95,p9500,0.0332794189453125
1765443121.6628458,25,0.99,p9900,0.1144561767578125
1765443121.6628458,25,0.999,p9990,0.3521156311035156
1765443121.6628458,25,0.9999,p9999,0.9264602661132812
1765443121.6628458,25,,max,15.43359375
1765443121.6628458,26,0.9,p9000,0.02057647705078125
1765443121.6628458,26,0.95,p9500,0.03844451904296875
1765443121.6628458,26,0.99,p9900,0.1299896240234375
1765443121.6628458,26,0.999,p9990,0.3737068176269531
1765443121.6628458,26,0.9999,p9999,0.89013671875
1765443121.6628458,26,,max,12.5439453125
1765443121.6628458,27,0.9,p9000,0.023281097412109375
1765443121.6628458,27,0.95,p9500,0.04496002197265625
1765443121.6628458,27,0.99,p9900,0.16107177734375
1765443121.6628458,27,0.999,p9990,0.47519683837890625
1765443121.6628458,27,0.9999,p9999,1.3809661865234375
1765443121.6628458,27,,max,15.421875
1765443121.6628458,28,0.9,p9000,0.027690887451171875
1765443121.6628458,28,0.95,p9500,0.0552520751953125
1765443121.6628458,28,0.99,p9900,0.21033096313476562
1765443121.6628458,28,0.999,p9990,0.5872573852539062
1765443121.6628458,28,0.9999,p9999,1.1537094116210938
1765443121.6628458,28,,max,14.388671875
1765443121.6628458,29,0.9,p9000,0.03441619873046875
1765443121.6628458,29,0.95,p9500,0.07097625732421875
1765443121.6628458,29,0.99,p9900,0.31751251220703125
1765443121.6628458,29,0.999,p9990,0.7412872314453125
1765443121.6628458,29,0.9999,p9999,1.857147216796875
1765443121.6628458,29,,max,38.6328125
1765443121.6628458,30,0.9,p9000,0.0645751953125
1765443121.6628458,30,0.95,p9500,0.1375274658203125
1765443121.6628458,30,0.99,p9900,0.54107666015625
1765443121.6628458,30,0.999,p9990,1.508514404296875
1765443121.6628458,30,0.9999,p9999,25.302734375
1765443121.6628458,30,,max,3144.25
1765443121.6628458,31,0.9,p9000,0.46392822265625
1765443121.6628458,31,0.95,p9500,0.80450439453125
1765443121.6628458,31,0.99,p9900,2.79986572265625
1765443121.6628458,31,0.999,p9990,10.29498291015625
1765443121.6628458,31,0.9999,p9999,22.66455078125
1765443121.6628458,31,,max,72.3125
1765443388.6181366,0,0.9,p9000,0.0032711029052734375
1765443388.6181366,0,0.95,p9500,0.0050411224365234375
1765443388.6181366,0,0.99,p9900,0.0164947509765625
1765443388.6181366,0,0.999,p9990,0.13887405395507812
1765443388.6181366,0,0.9999,p9999,1.2924346923828125
1765443388.6181366,0,,max,2.203125
1765443388.6181366,1,0.9,p9000,0.016000747680664062
1765443388.6181366,1,0.95,p9500,0.02507781982421875
1765443388.6181366,1,0.99,p9900,0.07008552551269531
1765443388.6181366,1,0.999,p9990,0.4126625061035156
1765443388.6181366,1,0.9999,p9999,69.94580078125
1765443388.6181366,1,,max,1493.5
1765443388.6181366,2,0.9,p9000,0.0024805068969726562
1765443388.6181366,2,0.95,p9500,0.004242420196533203
1765443388.6181366,2,0.99,p9900,0.015254974365234375
1765443388.6181366,2,0.999,p9990,0.07488441467285156
1765443388.6181366,2,0.9999,p9999,0.3373260498046875
1765443388.6181366,2,,max,4.625
1765443388.6181366,3,0.9,p9000,0.0044765472412109375
1765443388.6181366,3,0.95,p9500,0.0074672698974609375
1765443388.6181366,3,0.99,p9900,0.01976776123046875
1765443388.6181366,3,0.999,p9990,0.05282163619995117
1765443388.6181366,3,0.9999,p9999,0.12866973876953125
1765443388.6181366,3,,max,1.989501953125
1765443388.6181366,4,0.9,p9000,0.0095672607421875
1765443388.6181366,4,0.95,p9500,0.01548004150390625
1765443388.6181366,4,0.99,p9900,0.0401763916015625
1765443388.6181366,4,0.999,p9990,0.11359596252441406
1765443388.6181366,4,0.9999,p9999,5.4801025390625
1765443388.6181366,4,,max,11.4375
1765443388.6181366,5,0.9,p9000,0.00914764404296875
1765443388.6181366,5,0.95,p9500,0.013639450073242188
1765443388.6181366,5,0.99,p9900,0.03050994873046875
1765443388.6181366,5,0.999,p9990,0.07608699798583984
1765443388.6181366,5,0.9999,p9999,0.17468833923339844
1765443388.6181366,5,,max,3.28369140625
1765443388.6181366,6,0.9,p9000,0.008710861206054688
1765443388.6181366,6,0.95,p9500,0.01313018798828125
1765443388.6181366,6,0.99,p9900,0.033824920654296875
1765443388.6181366,6,0.999,p9990,0.09618568420410156
1765443388.6181366,6,0.9999,p9999,0.219146728515625
1765443388.6181366,6,,max,5.06640625
1765443388.6181366,7,0.9,p9000,0.010162353515625
1765443388.6181366,7,0.95,p9500,0.01494598388671875
1765443388.6181366,7,0.99,p9900,0.0375218391418457
1765443388.6181366,7,0.999,p9990,0.10577106475830078
1765443388.6181366,7,0.9999,p9999,0.24760818481445312
1765443388.6181366,7,,max,7.85107421875
1765443388.6181366,8,0.9,p9000,0.010257720947265625
1765443388.6181366,8,0.95,p9500,0.015310287475585938
1765443388.6181366,8,0.99,p9900,0.04205322265625
1765443388.6181366,8,0.999,p9990,0.11842060089111328
1765443388.6181366,8,0.9999,p9999,0.2794971466064453
1765443388.6181366,8,,max,11.6220703125
1765443388.6181366,9,0.9,p9000,0.010471343994140625
1765443388.6181366,9,0.95,p9500,0.016063690185546875
1765443388.6181366,9,0.99,p9900,0.044297218322753906
1765443388.6181366,9,0.999,p9990,0.13153743743896484
1765443388.6181366,9,0.9999,p9999,0.2983512878417969
1765443388.6181366,9,,max,7.7734375
1765443388.6181366,10,0.9,p9000,0.011026382446289062
1765443388.6181366,10,0.95,p9500,0.017152786254882812
1765443388.6181366,10,0.99,p9900,0.04911041259765625
1765443388.6181366,10,0.999,p9990,0.14508438110351562
1765443388.6181366,10,0.9999,p9999,0.4910774230957031
1765443388.6181366,10,,max,5.4462890625
1765443388.6181366,11,0.9,p9000,0.011327743530273438
1765443388.6181366,11,0.95,p9500,0.01837158203125
1765443388.6181366,11,0.99,p9900,0.054390907287597656
1765443388.6181366,11,0.999,p9990,0.15328407287597656
1765443388.6181366,11,0.9999,p9999,0.3715400695800781
1765443388.6181366,11,,max,6.63671875
1765443388.6181366,12,0.9,p9000,0.010671615600585938
1765443388.6181366,12,0.95,p9500,0.016880035400390625
1765443388.6181366,12,0.99,p9900,0.052628517150878906
1765443388.6181366,12,0.999,p9990,0.1565380096435547
1765443388.6181366,12,0.9999,p9999,0.362030029296875
1765443388.6181366,12,,max,4.6220703125
1765443388.6181366,13,0.9,p9000,0.011167526245117188
1765443388.6181366,13,0.95,p9500,0.018383026123046875
1765443388.6181366,13,0.99,p9900,0.05834197998046875
1765443388.6181366,13,0.999,p9990,0.1712779998779297
1765443388.6181366,13,0.9999,p9999,0.44979095458984375
1765443388.6181366,13,,max,6.5869140625
1765443388.6181366,14,0.9,p9000,0.011247634887695312
1765443388.6181366,14,0.95,p9500,0.018520355224609375
1765443388.6181366,14,0.99,p9900,0.0626983642578125
1765443388.6181366,14,0.999,p9990,0.18378448486328125
1765443388.6181366,14,0.9999,p9999,0.4178123474121094
1765443388.6181366,14,,max,6.6865234375
1765443388.6181366,15,0.9,p9000,0.0125579833984375
1765443388.6181366,15,0.95,p9500,0.021327972412109375
1765443388.6181366,15,0.99,p9900,0.07454776763916016
1765443388.6181366,15,0.999,p9990,0.2464447021484375
1765443388.6181366,15,0.9999,p9999,0.5407676696777344
1765443388.6181366,15,,max,8.2158203125
1765443388.6181366,16,0.9,p9000,0.01346588134765625
1765443388.6181366,16,0.95,p9500,0.023487091064453125
1765443388.6181366,16,0.99,p9900,0.08014106750488281
1765443388.6181366,16,0.999,p9990,0.25656890869140625
1765443388.6181366,16,0.9999,p9999,1.3535614013671875
1765443388.6181366,16,,max,18.4453125
1765443388.6181366,17,0.9,p9000,0.011632919311523438
1765443388.6181366,17,0.95,p9500,0.02133941650390625
1765443388.6181366,17,0.99,p9900,0.0789947509765625
1765443388.6181366,17,0.999,p9990,0.2512950897216797
1765443388.6181366,17,0.9999,p9999,0.7852401733398438
1765443388.6181366,17,,max,9.0732421875
1765443388.6181366,18,0.9,p9000,0.012348175048828125
1765443388.6181366,18,0.95,p9500,0.023632049560546875
1765443388.6181366,18,0.99,p9900,0.0882415771484375
1765443388.6181366,18,0.999,p9990,0.2716999053955078
1765443388.6181366,18,0.9999,p9999,0.7323074340820312
1765443388.6181366,18,,max,30.1796875
1765443388.6181366,19,0.9,p9000,0.01348876953125
1765443388.6181366,19,0.95,p9500,0.025432586669921875
1765443388.6181366,19,0.99,p9900,0.0912017822265625
1765443388.6181366,19,0.999,p9990,0.29300689697265625
1765443388.6181366,19,0.9999,p9999,1.48394775390625
1765443388.6181366,19,,max,15.91796875
1765443388.6181366,20,0.9,p9000,0.0143280029296875
1765443388.6181366,20,0.95,p9500,0.026744842529296875
1765443388.6181366,20,0.99,p9900,0.09431648254394531
1765443388.6181366,20,0.999,p9990,0.28719520568847656
1765443388.6181366,20,0.9999,p9999,0.7581405639648438
1765443388.6181366,20,,max,7.5361328125
1765443388.6181366,21,0.9,p9000,0.01531219482421875
1765443388.6181366,21,0.95,p9500,0.028463363647460938
1765443388.6181366,21,0.99,p9900,0.0970458984375
1765443388.6181366,21,0.999,p9990,0.2885932922363281
1765443388.6181366,21,0.9999,p9999,0.81512451171875
1765443388.6181366,21,,max,11.443359375
1765443388.6181366,22,0.9,p9000,0.015848159790039062
1765443388.6181366,22,0.95,p9500,0.02878570556640625
1765443388.6181366,22,0.99,p9900,0.09765815734863281
1765443388.6181366,22,0.999,p9990,0.2969627380371094
1765443388.6181366,22,0.9999,p9999,0.810302734375
1765443388.6181366,22,,max,12.076171875
1765443388.6181366,23,0.9,p9000,0.015882492065429688
1765443388.6181366,23,0.95,p9500,0.028621673583984375
1765443388.6181366,23,0.99,p9900,0.0991973876953125
1765443388.6181366,23,0.999,p9990,0.3274269104003906
1765443388.6181366,23,0.9999,p9999,0.8569107055664062
1765443388.6181366,23,,max,12.2734375
1765443388.6181366,24,0.9,p9000,0.015960693359375
1765443388.6181366,24,0.95,p9500,0.029109954833984375
1765443388.6181366,24,0.99,p9900,0.100189208984375
1765443388.6181366,24,0.999,p9990,0.30477333068847656
1765443388.6181366,24,0.9999,p9999,0.827972412109375
1765443388.6181366,24,,max,12.857421875
1765443388.6181366,25,0.9,p9000,0.017910003662109375
1765443388.6181366,25,0.95,p9500,0.0332794189453125
1765443388.6181366,25,0.99,p9900,0.1144561767578125
1765443388.6181366,25,0.999,p9990,0.3521156311035156
1765443388.6181366,25,0.9999,p9999,0.9264602661132812
1765443388.6181366,25,,max,15.43359375
1765443388.6181366,26,0.9,p9000,0.02057647705078125
1765443388.6181366,26,0.95,p9500,0.03844451904296875
1765443388.6181366,26,0.99,p9900,0.1299896240234375
1765443388.6181366,26,0.999,p9990,0.3737068176269531
1765443388.6181366,26,0.9999,p9999,0.89013671875
1765443388.6181366,26,,max,12.5439453125
1765443388.6181366,27,0.9,p9000,0.023281097412109375
1765443388.6181366,27,0.95,p9500,0.04496002197265625
1765443388.6181366,27,0.99,p9900,0.16107177734375
1765443388.6181366,27,0.999,p9990,0.47519683837890625
1765443388.6181366,27,0.9999,p9999,1.3809661865234375
1765443388.6181366,27,,max,15.421875
1765443388.6181366,28,0.9,p9000,0.027690887451171875
1765443388.6181366,28,0.95,p9500,0.0552520751953125
1765443388.6181366,28,0.99,p9900,0.21033096313476562
1765443388.6181366,28,0.999,p9990,0.5872573852539062
1765443388.6181366,28,0.9999,p9999,1.1537094116210938
1765443388.6181366,28,,max,14.388671875
1765443388.6181366,29,0.9,p9000,0.03441619873046875
1765443388.6181366,29,0.95,p9500,0.07097625732421875
1765443388.6181366,29,0.99,p9900,0.31751251220703125
1765443388.6181366,29,0.999,p9990,0.7412872314453125
1765443388.6181366,29,0.9999,p9999,1.857147216796875
1765443388.6181366,29,,max,38.6328125
1765443388.6181366,30,0.9,p9000,0.0645751953125
1765443388.6181366,30,0.95,p9500,0.1375274658203125
1765443388.6181366,30,0.99,p9900,0.54107666015625
1765443388.6181366,30,0.999,p9990,1.508514404296875
1765443388.6181366,30,0.9999,p9999,25.302734375
1765443388.6181366,30,,max,3144.25
1765443388.6181366,31,0.9,p9000,0.46392822265625
1765443388.6181366,31,0.95,p9500,0.80450439453125
1765443388.6181366,31,0.99,p9900,2.79986572265625
1765443388.6181366,31,0.999,p9990,10.29498291015625
1765443388.6181366,31,0.9999,p9999,22.66455078125
1765443388.6181366,31,,max,72.3125
1765444612.0382957,0,0.9,p9000,0.003032207489013672
1765444612.0382957,0,0.95,p9500,0.004680156707763672
1765444612.0382957,0,0.99,p9900,0.015486001968383789
1765444612.0382957,0,0.999,p9990,0.1227579116821289
1765444612.0382957,0,0.9999,p9999,1.2601776123046875
1765444612.0382957,0,,max,2.203125
1765444612.0382957,1,0.9,p9000,0.013906478881835938
1765444612.0382957,1,0.95,p9500,0.021755218505859375
1765444612.0382957,1,0.99,p9900,0.05867767333984375
1765444612.0382957,1,0.999,p9990,0.32964324951171875
1765444612.0382957,1,0.9999,p9999,44.72119140625
1765444612.0382957,1,,max,1640.5
1765444612.0382957,2,0.9,p9000,0.0029954910278320312
1765444612.0382957,2,0.95,p9500,0.00567626953125
1765444612.0382957,2,0.99,p9900,0.0198211669921875
1765444612.0382957,2,0.999,p9990,0.07970714569091797
1765444612.0382957,2,0.9999,p9999,0.34311676025390625
1765444612.0382957,2,,max,4.625
1765444612.0382957,3,0.9,p9000,0.005360603332519531
1765444612.0382957,3,0.95,p9500,0.009462356567382812
1765444612.0382957,3,0.99,p9900,0.025894641876220703
1765444612.0382957,3,0.999,p9990,0.06725788116455078
1765444612.0382957,3,0.9999,p9999,0.16639328002929688
1765444612.0382957,3,,max,1.88525390625
1765444612.0382957,4,0.9,p9000,0.010898590087890625
1765444612.0382957,4,0.95,p9500,0.01795196533203125
1765444612.0382957,4,0.99,p9900,0.0456085205078125
1765444612.0382957,4,0.999,p9990,0.1228322982788086
1765444612.0382957,4,0.9999,p9999,5.0179443359375
1765444612.0382957,4,,max,11.470703125
1765444612.0382957,5,0.9,p9000,0.010393142700195312
1765444612.0382957,5,0.95,p9500,0.016481399536132812
1765444612.0382957,5,0.99,p9900,0.04093170166015625
1765444612.0382957,5,0.999,p9990,0.09917926788330078
1765444612.0382957,5,0.9999,p9999,0.23529052734375
1765444612.0382957,5,,max,2.857421875
1765444612.0382957,6,0.9,p9000,0.01026153564453125
1765444612.0382957,6,0.95,p9500,0.017070770263671875
1765444612.0382957,6,0.99,p9900,0.048958778381347656
1765444612.0382957,6,0.999,p9990,0.12866592407226562
1765444612.0382957,6,0.9999,p9999,0.3010406494140625
1765444612.0382957,6,,max,5.4765625
1765444612.0382957,7,0.9,p9000,0.011877059936523438
1765444612.0382957,7,0.95,p9500,0.019474029541015625
1765444612.0382957,7,0.99,p9900,0.05686187744140625
1765444612.0382957,7,0.999,p9990,0.13961219787597656
1765444612.0382957,7,0.9999,p9999,0.3473625183105469
1765444612.0382957,7,,max,7.9267578125
1765444612.0382957,8,0.9,p9000,0.012117385864257812
1765444612.0382957,8,0.95,p9500,0.020687103271484375
1765444612.0382957,8,0.99,p9900,0.0632781982421875
1765444612.0382957,8,0.999,p9990,0.15462112426757812
1765444612.0382957,8,0.9999,p9999,0.3555564880371094
1765444612.0382957,8,,max,10.9755859375
1765444612.0382957,9,0.9,p9000,0.0125885009765625
1765444612.0382957,9,0.95,p9500,0.022014617919921875
1765444612.0382957,9,0.99,p9900,0.0678863525390625
1765444612.0382957,9,0.999,p9990,0.1703510284423828
1765444612.0382957,9,0.9999,p9999,0.38177490234375
1765444612.0382957,9,,max,6.9169921875
1765444612.0382957,10,0.9,p9000,0.013250350952148438
1765444612.0382957,10,0.95,p9500,0.024255752563476562
1765444612.0382957,10,0.99,p9900,0.073394775390625
1765444612.0382957,10,0.999,p9990,0.19066238403320312
1765444612.0382957,10,0.9999,p9999,0.5123825073242188
1765444612.0382957,10,,max,3.03857421875
1765444612.0382957,11,0.9,p9000,0.014078140258789062
1765444612.0382957,11,0.95,p9500,0.025753021240234375
1765444612.0382957,11,0.99,p9900,0.0791778564453125
1765444612.0382957,11,0.999,p9990,0.19078445434570312
1765444612.0382957,11,0.9999,p9999,0.4098625183105469
1765444612.0382957,11,,max,6.7392578125
1765444612.0382957,12,0.9,p9000,0.01322174072265625
1765444612.0382957,12,0.95,p9500,0.0247344970703125
1765444612.0382957,12,0.99,p9900,0.0813140869140625
1765444612.0382957,12,0.999,p9990,0.20137977600097656
1765444612.0382957,12,0.9999,p9999,0.45886993408203125
1765444612.0382957,12,,max,4.0712890625
1765444612.0382957,13,0.9,p9000,0.014089584350585938
1765444612.0382957,13,0.95,p9500,0.0276336669921875
1765444612.0382957,13,0.99,p9900,0.0877838134765625
1765444612.0382957,13,0.999,p9990,0.22683143615722656
1765444612.0382957,13,0.9999,p9999,0.5468978881835938
1765444612.0382957,13,,max,6.3837890625
1765444612.0382957,14,0.9,p9000,0.014251708984375
1765444612.0382957,14,0.95,p9500,0.028629302978515625
1765444612.0382957,14,0.99,p9900,0.093231201171875
1765444612.0382957,14,0.999,p9990,0.23732376098632812
1765444612.0382957,14,0.9999,p9999,0.5616302490234375
1765444612.0382957,14,,max,7.2919921875
1765444612.0382957,15,0.9,p9000,0.016210556030273438
1765444612.0382957,15,0.95,p9500,0.032848358154296875
1765444612.0382957,15,0.99,p9900,0.1064605712890625
1765444612.0382957,15,0.999,p9990,0.2916755676269531
1765444612.0382957,15,0.9999,p9999,0.6791610717773438
1765444612.0382957,15,,max,7.8671875
1765444612.0382957,16,0.9,p9000,0.017688751220703125
1765444612.0382957,16,0.95,p9500,0.03701019287109375
1765444612.0382957,16,0.99,p9900,0.119293212890625
1765444612.0382957,16,0.999,p9990,0.34453582763671875
1765444612.0382957,16,0.9999,p9999,1.6062164306640625
1765444612.0382957,16,,max,18.40234375
1765444612.0382957,17,0.9,p9000,0.016065597534179688
1765444612.0382957,17,0.95,p9500,0.03606414794921875
1765444612.0382957,17,0.99,p9900,0.12199592590332031
1765444612.0382957,17,0.999,p9990,0.3275642395019531
1765444612.0382957,17,0.9999,p9999,0.9003067016601562
1765444612.0382957,17,,max,12.845703125
1765444612.0382957,18,0.9,p9000,0.017383575439453125
1765444612.0382957,18,0.95,p9500,0.04016876220703125
1765444612.0382957,18,0.99,p9900,0.1314697265625
1765444612.0382957,18,0.999,p9990,0.36405181884765625
1765444612.0382957,18,0.9999,p9999,0.9593276977539062
1765444612.0382957,18,,max,32.21875
1765444612.0382957,19,0.9,p9000,0.01891326904296875
1765444612.0382957,19,0.95,p9500,0.04206085205078125
1765444612.0382957,19,0.99,p9900,0.137451171875
1765444612.0382957,19,0.999,p9990,0.3898200988769531
1765444612.0382957,19,0.9999,p9999,1.83740234375
1765444612.0382957,19,,max,15.767578125
1765444612.0382957,20,0.9,p9000,0.020236968994140625
1765444612.0382957,20,0.95,p9500,0.04486846923828125
1765444612.0382957,20,0.99,p9900,0.145477294921875
1765444612.0382957,20,0.999,p9990,0.41056060791015625
1765444612.0382957,20,0.9999,p9999,1.1333694458007812
1765444612.0382957,20,,max,12.568359375
1765444612.0382957,21,0.9,p9000,0.021663665771484375
1765444612.0382957,21,0.95,p9500,0.04682159423828125
1765444612.0382957,21,0.99,p9900,0.15045166015625
1765444612.0382957,21,0.999,p9990,0.42032623291015625
1765444612.0382957,21,0.9999,p9999,1.1089324951171875
1765444612.0382957,21,,max,12.341796875
1765444612.0382957,22,0.9,p9000,0.0222930908203125
1765444612.0382957,22,0.95,p9500,0.047084808349609375
1765444612.0382957,22,0.99,p9900,0.157073974609375
1765444612.0382957,22,0.999,p9990,0.4442634582519531
1765444612.0382957,22,0.9999,p9999,1.1480178833007812
1765444612.0382957,22,,max,11.826171875
1765444612.0382957,23,0.9,p9000,0.0223388671875
1765444612.0382957,23,0.95,p9500,0.0476226806640625
1765444612.0382957,23,0.99,p9900,0.161773681640625
1765444612.0382957,23,0.999,p9990,0.4850502014160156
1765444612.0382957,23,0.9999,p9999,1.201263427734375
1765444612.0382957,23,,max,17.302734375
1765444612.0382957,24,0.9,p9000,0.022800445556640625
1765444612.0382957,24,0.95,p9500,0.04857635498046875
1765444612.0382957,24,0.99,p9900,0.16467666625976562
1765444612.0382957,24,0.999,p9990,0.4835243225097656
1765444612.0382957,24,0.9999,p9999,1.234832763671875
1765444612.0382957,24,,max,21.7109375
1765444612.0382957,25,0.9,p9000,0.0258941650390625
1765444612.0382957,25,0.95,p9500,0.054595947265625
1765444612.0382957,25,0.99,p9900,0.18024063110351562
1765444612.0382957,25,0.999,p9990,0.5374794006347656
1765444612.0382957,25,0.9999,p9999,1.302886962890625
1765444612.0382957,25,,max,20.884765625
1765444612.0382957,26,0.9,p9000,0.030025482177734375
1765444612.0382957,26,0.95,p9500,0.0621795654296875
1765444612.0382957,26,0.99,p9900,0.20120620727539062
1765444612.0382957,26,0.999,p9990,0.5656280517578125
1765444612.0382957,26,0.9999,p9999,1.305572509765625
1765444612.0382957,26,,max,16.8515625
1765444612.0382957,27,0.9,p9000,0.035125732421875
1765444612.0382957,27,0.95,p9500,0.0731964111328125
1765444612.0382957,27,0.99,p9900,0.23770523071289062
1765444612.0382957,27,0.999,p9990,0.630615234375
1765444612.0382957,27,0.9999,p9999,1.5650177001953125
1765444612.0382957,27,,max,19.337890625
1765444612.0382957,28,0.9,p9000,0.0423126220703125
1765444612.0382957,28,0.95,p9500,0.088958740234375
1765444612.0382957,28,0.99,p9900,0.304931640625
1765444612.0382957,28,0.999,p9990,0.7253952026367188
1765444612.0382957,28,0.9999,p9999,1.572357177734375
1765444612.0382957,28,,max,17.970703125
1765444612.0382957,29,0.9,p9000,0.0535888671875
1765444612.0382957,29,0.95,p9500,0.1148834228515625
1765444612.0382957,29,0.99,p9900,0.41571044921875
1765444612.0382957,29,0.999,p9990,0.8652877807617188
1765444612.0382957,29,0.9999,p9999,1.9753875732421875
1765444612.0382957,29,,max,44.71875
1765444612.0382957,30,0.9,p9000,0.100341796875
1765444612.0382957,30,0.95,p9500,0.211822509765625
1765444612.0382957,30,0.99,p9900,0.6219482421875
1765444612.0382957,30,0.999,p9990,1.777557373046875
1765444612.0382957,30,0.9999,p9999,12.482666015625
1765444612.0382957,30,,max,3665.0
1765444612.0382957,31,0.9,p9000,0.5299072265625
1765444612.0382957,31,0.95,p9500,0.88330078125
1765444612.0382957,31,0.99,p9900,3.18212890625
1765444612.0382957,31,0.999,p9990,11.448486328125
1765444612.0382957,31,0.9999,p9999,25.360595703125
1765444612.0382957,31,,max,58.8203125
1765444824.1231446,0,0.9,p9000,0.003032207489013672
1765444824.1231446,0,0.95,p9500,0.004680156707763672
1765444824.1231446,0,0.99,p9900,0.015486001968383789
1765444824.1231446,0,0.999,p9990,0.1227579116821289
1765444824.1231446,0,0.9999,p9999,1.2601776123046875
1765444824.1231446,0,,max,2.203125
1765444824.1231446,1,0.9,p9000,0.013906478881835938
1765444824.1231446,1,0.95,p9500,0.021755218505859375
1765444824.1231446,1,0.99,p9900,0.05867767333984375
1765444824.1231446,1,0.999,p9990,0.32964324951171875
1765444824.1231446,1,0.9999,p9999,44.72119140625
1765444824.1231446,1,,max,1640.5
1765444824.1231446,2,0.9,p9000,0.0029954910278320312
1765444824.1231446,2,0.95,p9500,0.00567626953125
1765444824.1231446,2,0.99,p9900,0.0198211669921875
1765444824.1231446,2,0.999,p9990,0.07970714569091797
1765444824.1231446,2,0.9999,p9999,0.34311676025390625
1765444824.1231446,2,,max,4.625
1765444824.1231446,3,0.9,p9000,0.005360603332519531
1765444824.1231446,3,0.95,p9500,0.009462356567382812
1765444824.1231446,3,0.99,p9900,0.025894641876220703
1765444824.1231446,3,0.999,p9990,0.06725788116455078
1765444824.1231446,3,0.9999,p9999,0.16639328002929688
1765444824.1231446,3,,max,1.88525390625
1765444824.1231446,4,0.9,p9000,0.010898590087890625
1765444824.1231446,4,0.95,p9500,0.01795196533203125
1765444824.1231446,4,0.99,p9900,0.0456085205078125
1765444824.1231446,4,0.999,p9990,0.1228322982788086
1765444824.1231446,4,0.9999,p9999,5.0179443359375
1765444824.1231446,4,,max,11.470703125
1765444824.1231446,5,0.9,p9000,0.010393142700195312
1765444824.1231446,5,0.95,p9500,0.016481399536132812
1765444824.1231446,5,0.99,p9900,0.04093170166015625
1765444824.1231446,5,0.999,p9990,0.09917926788330078
1765444824.1231446,5,0.9999,p9999,0.23529052734375
1765444824.1231446,5,,max,2.857421875
1765444824.1231446,6,0.9,p9000,0.01026153564453125
1765444824.1231446,6,0.95,p9500,0.017070770263671875
1765444824.1231446,6,0.99,p9900,0.048958778381347656
1765444824.1231446,6,0.999,p9990,0.12866592407226562
1765444824.1231446,6,0.9999,p9999,0.3010406494140625
1765444824.1231446,6,,max,5.4765625
1765444824.1231446,7,0.9,p9000,0.011877059936523438
1765444824.1231446,7,0.95,p9500,0.019474029541015625
1765444824.1231446,7,0.99,p9900,0.05686187744140625
1765444824.1231446,7,0.999,p9990,0.13961219787597656
1765444824.1231446,7,0.9999,p9999,0.3473625183105469
1765444824.1231446,7,,max,7.9267578125
1765444824.1231446,8,0.9,p9000,0.012117385864257812
1765444824.1231446,8,0.95,p9500,0.020687103271484375
1765444824.1231446,8,0.99,p9900,0.0632781982421875
1765444824.1231446,8,0.999,p9990,0.15462112426757812
1765444824.1231446,8,0.9999,p9999,0.3555564880371094
1765444824.1231446,8,,max,10.9755859375
1765444824.1231446,9,0.9,p9000,0.0125885009765625
1765444824.1231446,9,0.95,p9500,0.022014617919921875
1765444824.1231446,9,0.99,p9900,0.0678863525390625
1765444824.1231446,9,0.999,p9990,0.1703510284423828
1765444824.1231446,9,0.9999,p9999,0.38177490234375
1765444824.1231446,9,,max,6.9169921875
1765444824.1231446,10,0.9,p9000,0.013250350952148438
1765444824.1231446,10,0.95,p9500,0.024255752563476562
1765444824.1231446,10,0.99,p9900,0.073394775390625
1765444824.1231446,10,0.999,p9990,0.19066238403320312
1765444824.1231446,10,0.9999,p9999,0.5123825073242188
1765444824.1231446,10,,max,3.03857421875
1765444824.1231446,11,0.9,p9000,0.014078140258789062
1765444824.1231446,11,0.95,p9500,0.025753021240234375
1765444824.1231446,11,0.99,p9900,0.0791778564453125
1765444824.1231446,11,0.999,p9990,0.19078445434570312
1765444824.1231446,11,0.9999,p9999,0.4098625183105469
1765444824.1231446,11,,max,6.7392578125
1765444824.1231446,12,0.9,p9000,0.01322174072265625
1765444824.1231446,12,0.95,p9500,0.0247344970703125
1765444824.1231446,12,0.99,p9900,0.0813140869140625
1765444824.1231446,12,0.999,p9990,0.20137977600097656
1765444824.1231446,12,0.9999,p9999,0.45886993408203125
1765444824.1231446,12,,max,4.0712890625
1765444824.1231446,13,0.9,p9000,0.014089584350585938
1765444824.1231446,13,0.95,p9500,0.0276336669921875
1765444824.1231446,13,0.99,p9900,0.0877838134765625
1765444824.1231446,13,0.999,p9990,0.22683143615722656
1765444824.1231446,13,0.9999,p9999,0.5468978881835938
1765444824.1231446,13,,max,6.3837890625
1765444824.1231446,14,0.9,p9000,0.014251708984375
1765444824.1231446,14,0.95,p9500,0.028629302978515625
1765444824.1231446,14,0.99,p9900,0.093231201171875
1765444824.1231446,14,0.999,p9990,0.23732376098632812
1765444824.1231446,14,0.9999,p9999,0.5616302490234375
1765444824.1231446,14,,max,7.2919921875
1765444824.1231446,15,0.9,p9000,0.016210556030273438
1765444824.1231446,15,0.95,p9500,0.032848358154296875
1765444824.1231446,15,0.99,p9900,0.1064605712890625
1765444824.1231446,15,0.999,p9990,0.2916755676269531
1765444824.1231446,15,0.9999,p9999,0.6791610717773438
1765444824.1231446,15,,max,7.8671875
1765444824.1231446,16,0.9,p9000,0.017688751220703125
1765444824.1231446,16,0.95,p9500,0.03701019287109375
1765444824.1231446,16,0.99,p9900,0.119293212890625
1765444824.1231446,16,0.999,p9990,0.34453582763671875
1765444824.1231446,16,0.9999,p9999,1.6062164306640625
1765444824.1231446,16,,max,18.40234375
1765444824.1231446,17,0.9,p9000,0.016065597534179688
1765444824.1231446,17,0.95,p9500,0.03606414794921875
1765444824.1231446,17,0.99,p9900,0.12199592590332031
1765444824.1231446,17,0.999,p9990,0.3275642395019531
1765444824.1231446,17,0.9999,p9999,0.9003067016601562
1765444824.1231446,17,,max,12.845703125
1765444824.1231446,18,0.9,p9000,0.017383575439453125
1765444824.1231446,18,0.95,p9500,0.04016876220703125
1765444824.1231446,18,0.99,p9900,0.1314697265625
1765444824.1231446,18,0.999,p9990,0.36405181884765625
1765444824.1231446,18,0.9999,p9999,0.9593276977539062
1765444824.1231446,18,,max,32.21875
1765444824.1231446,19,0.9,p9000,0.01891326904296875
1765444824.1231446,19,0.95,p9500,0.04206085205078125
1765444824.1231446,19,0.99,p9900,0.137451171875
1765444824.1231446,19,0.999,p9990,0.3898200988769531
1765444824.1231446,19,0.9999,p9999,1.83740234375
1765444824.1231446,19,,max,15.767578125
1765444824.1231446,20,0.9,p9000,0.020236968994140625
1765444824.1231446,20,0.95,p9500,0.04486846923828125
1765444824.1231446,20,0.99,p9900,0.145477294921875
1765444824.1231446,20,0.999,p9990,0.41056060791015625
1765444824.1231446,20,0.9999,p9999,1.1333694458007812
1765444824.1231446,20,,max,12.568359375
1765444824.1231446,21,0.9,p9000,0.021663665771484375
1765444824.1231446,21,0.95,p9500,0.04682159423828125
1765444824.1231446,21,0.99,p9900,0.15045166015625
1765444824.1231446,21,0.999,p9990,0.42032623291015625
1765444824.1231446,21,0.9999,p9999,1.1089324951171875
1765444824.1231446,21,,max,12.341796875
1765444824.1231446,22,0.9,p9000,0.0222930908203125
1765444824.1231446,22,0.95,p9500,0.047084808349609375
1765444824.1231446,22,0.99,p9900,0.157073974609375
1765444824.1231446,22,0.999,p9990,0.4442634582519531
1765444824.1231446,22,0.9999,p9999,1.1480178833007812
1765444824.1231446,22,,max,11.826171875
1765444824.1231446,23,0.9,p9000,0.0223388671875
1765444824.1231446,23,0.95,p9500,0.0476226806640625
1765444824.1231446,23,0.99,p9900,0.161773681640625
1765444824.1231446,23,0.999,p9990,0.4850502014160156
1765444824.1231446,23,0.9999,p9999,1.201263427734375
1765444824.1231446,23,,max,17.302734375
1765444824.1231446,24,0.9,p9000,0.022800445556640625
1765444824.1231446,24,0.95,p9500,0.04857635498046875
1765444824.1231446,24,0.99,p9900,0.16467666625976562
1765444824.1231446,24,0.999,p9990,0.4835243225097656
1765444824.1231446,24,0.9999,p9999,1.234832763671875
1765444824.1231446,24,,max,21.7109375
1765444824.1231446,25,0.9,p9000,0.0258941650390625
1765444824.1231446,25,0.95,p9500,0.054595947265625
1765444824.1231446,25,0.99,p9900,0.18024063110351562
1765444824.1231446,25,0.999,p9990,0.5374794006347656
1765444824.1231446,25,0.9999,p9999,1.302886962890625
1765444824.1231446,25,,max,20.884765625
1765444824.1231446,26,0.9,p9000,0.030025482177734375
1765444824.1231446,26,0.95,p9500,0.0621795654296875
1765444824.1231446,26,0.99,p9900,0.20120620727539062
1765444824.1231446,26,0.999,p9990,0.5656280517578125
1765444824.1231446,26,0.9999,p9999,1.305572509765625
1765444824.1231446,26,,max,16.8515625
1765444824.1231446,27,0.9,p9000,0.035125732421875
1765444824.1231446,27,0.95,p9500,0.0731964111328125
1765444824.1231446,27,0.99,p9900,0.23770523071289062
1765444824.1231446,27,0.999,p9990,0.630615234375
1765444824.1231446,27,0.9999,p9999,1.5650177001953125
1765444824.1231446,27,,max,19.337890625
1765444824.1231446,28,0.9,p9000,0.0423126220703125
1765444824.1231446,28,0.95,p9500,0.088958740234375
1765444824.1231446,28,0.99,p9900,0.304931640625
1765444824.1231446,28,0.999,p9990,0.7253952026367188
1765444824.1231446,28,0.9999,p9999,1.572357177734375
1765444824.1231446,28,,max,17.970703125
1765444824.1231446,29,0.9,p9000,0.0535888671875
1765444824.1231446,29,0.95,p9500,0.1148834228515625
1765444824.1231446,29,0.99,p9900,0.41571044921875
1765444824.1231446,29,0.999,p9990,0.8652877807617188
1765444824.1231446,29,0.9999,p9999,1.9753875732421875
1765444824.1231446,29,,max,44.71875
1765444824.1231446,30,0.9,p9000,0.100341796875
1765444824.1231446,30,0.95,p9500,0.211822509765625
1765444824.1231446,30,0.99,p9900,0.6219482421875
1765444824.1231446,30,0.999,p9990,1.777557373046875
1765444824.1231446,30,0.9999,p9999,12.482666015625
1765444824.1231446,30,,max,3665.0
1765444824.1231446,31,0.9,p9000,0.5299072265625
1765444824.1231446,31,0.95,p9500,0.88330078125
1765444824.1231446,31,0.99,p9900,3.18212890625
1765444824.1231446,31,0.999,p9990,11.448486328125
1765444824.1231446,31,0.9999,p9999,25.360595703125
1765444824.1231446,31,,max,58.8203125
1765446405.8400445,0,0.9,p9000,0.0030193328857421875
1765446405.8400445,0,0.95,p9500,0.0046482086181640625
1765446405.8400445,0,0.99,p9900,0.015155792236328125
1765446405.8400445,0,0.999,p9990,0.1205587387084961
1765446405.8400445,0,0.9999,p9999,1.2477264404296875
1765446405.8400445,0,,max,2.203125
1765446405.8400445,1,0.9,p9000,0.013486862182617188
1765446405.8400445,1,0.95,p9500,0.02103424072265625
1765446405.8400445,1,0.99,p9900,0.056854248046875
1765446405.8400445,1,0.999,p9990,0.31735992431640625
1765446405.8400445,1,0.9999,p9999,41.14697265625
1765446405.8400445,1,,max,1574.25
1765446405.8400445,2,0.9,p9000,0.0032701492309570312
1765446405.8400445,2,0.95,p9500,0.006267070770263672
1765446405.8400445,2,0.99,p9900,0.020313739776611328
1765446405.8400445,2,0.999,p9990,0.08037757873535156
1765446405.8400445,2,0.9999,p9999,0.3378753662109375
1765446405.8400445,2,,max,4.625
1765446405.8400445,3,0.9,p9000,0.0057277679443359375
1765446405.8400445,3,0.95,p9500,0.010204315185546875
1765446405.8400445,3,0.99,p9900,0.02685546875
1765446405.8400445,3,0.999,p9990,0.07074451446533203
1765446405.8400445,3,0.9999,p9999,0.17742919921875
1765446405.8400445,3,,max,2.59814453125
1765446405.8400445,4,0.9,p9000,0.011547088623046875
1765446405.8400445,4,0.95,p9500,0.0190277099609375
1765446405.8400445,4,0.99,p9900,0.04691314697265625
1765446405.8400445,4,0.999,p9990,0.12877845764160156
1765446405.8400445,4,0.9999,p9999,4.8048095703125
1765446405.8400445,4,,max,11.478515625
1765446405.8400445,5,0.9,p9000,0.011167526245117188
1765446405.8400445,5,0.95,p9500,0.018062591552734375
1765446405.8400445,5,0.99,p9900,0.043717384338378906
1765446405.8400445,5,0.999,p9990,0.1036691665649414
1765446405.8400445,5,0.9999,p9999,0.2493457794189453
1765446405.8400445,5,,max,3.372802734375
1765446405.8400445,6,0.9,p9000,0.011251449584960938
1765446405.8400445,6,0.95,p9500,0.019374847412109375
1765446405.8400445,6,0.99,p9900,0.052849769592285156
1765446405.8400445,6,0.999,p9990,0.136199951171875
1765446405.8400445,6,0.9999,p9999,0.3232765197753906
1765446405.8400445,6,,max,5.4169921875
1765446405.8400445,7,0.9,p9000,0.012973785400390625
1765446405.8400445,7,0.95,p9500,0.022417068481445312
1765446405.8400445,7,0.99,p9900,0.060822486877441406
1765446405.8400445,7,0.999,p9990,0.14677810668945312
1765446405.8400445,7,0.9999,p9999,0.3599205017089844
1765446405.8400445,7,,max,5.47216796875
1765446405.8400445,8,0.9,p9000,0.013471603393554688
1765446405.8400445,8,0.95,p9500,0.0240936279296875
1765446405.8400445,8,0.99,p9900,0.06789398193359375
1765446405.8400445,8,0.999,p9990,0.16225624084472656
1765446405.8400445,8,0.9999,p9999,0.3760032653808594
1765446405.8400445,8,,max,10.5068359375
1765446405.8400445,9,0.9,p9000,0.014118194580078125
1765446405.8400445,9,0.95,p9500,0.02581024169921875
1765446405.8400445,9,0.99,p9900,0.07303619384765625
1765446405.8400445,9,0.999,p9990,0.17791748046875
1765446405.8400445,9,0.9999,p9999,0.4076499938964844
1765446405.8400445,9,,max,8.859375
1765446405.8400445,10,0.9,p9000,0.015024185180664062
1765446405.8400445,10,0.95,p9500,0.028598785400390625
1765446405.8400445,10,0.99,p9900,0.07926177978515625
1765446405.8400445,10,0.999,p9990,0.20097923278808594
1765446405.8400445,10,0.9999,p9999,0.5251808166503906
1765446405.8400445,10,,max,3.83642578125
1765446405.8400445,11,0.9,p9000,0.015979766845703125
1765446405.8400445,11,0.95,p9500,0.030452728271484375
1765446405.8400445,11,0.99,p9900,0.08536720275878906
1765446405.8400445,11,0.999,p9990,0.20720863342285156
1765446405.8400445,11,0.9999,p9999,0.47417449951171875
1765446405.8400445,11,,max,7.037109375
1765446405.8400445,12,0.9,p9000,0.015096664428710938
1765446405.8400445,12,0.95,p9500,0.03008270263671875
1765446405.8400445,12,0.99,p9900,0.08828926086425781
1765446405.8400445,12,0.999,p9990,0.2174510955810547
1765446405.8400445,12,0.9999,p9999,0.5067024230957031
1765446405.8400445,12,,max,4.86865234375
1765446405.8400445,13,0.9,p9000,0.016511917114257812
1765446405.8400445,13,0.95,p9500,0.033512115478515625
1765446405.8400445,13,0.99,p9900,0.0960540771484375
1765446405.8400445,13,0.999,p9990,0.24821853637695312
1765446405.8400445,13,0.9999,p9999,0.6115341186523438
1765446405.8400445,13,,max,6.40625
1765446405.8400445,14,0.9,p9000,0.01685333251953125
1765446405.8400445,14,0.95,p9500,0.03513336181640625
1765446405.8400445,14,0.99,p9900,0.10244941711425781
1765446405.8400445,14,0.999,p9990,0.26200103759765625
1765446405.8400445,14,0.9999,p9999,0.6428108215332031
1765446405.8400445,14,,max,7.5849609375
1765446405.8400445,15,0.9,p9000,0.019123077392578125
1765446405.8400445,15,0.95,p9500,0.040035247802734375
1765446405.8400445,15,0.99,p9900,0.1181793212890625
1765446405.8400445,15,0.999,p9990,0.3345603942871094
1765446405.8400445,15,0.9999,p9999,0.7614364624023438
1765446405.8400445,15,,max,9.732421875
1765446405.8400445,16,0.9,p9000,0.021131515502929688
1765446405.8400445,16,0.95,p9500,0.0445404052734375
1765446405.8400445,16,0.99,p9900,0.1290435791015625
1765446405.8400445,16,0.999,p9990,0.3829002380371094
1765446405.8400445,16,0.9999,p9999,1.63555908203125
1765446405.8400445,16,,max,18.46484375
1765446405.8400445,17,0.9,p9000,0.019784927368164062
1765446405.8400445,17,0.95,p9500,0.04419708251953125
1765446405.8400445,17,0.99,p9900,0.132080078125
1765446405.8400445,17,0.999,p9990,0.36881256103515625
1765446405.8400445,17,0.9999,p9999,1.0131683349609375
1765446405.8400445,17,,max,11.494140625
1765446405.8400445,18,0.9,p9000,0.021778106689453125
1765446405.8400445,18,0.95,p9500,0.04822540283203125
1765446405.8400445,18,0.99,p9900,0.141357421875
1765446405.8400445,18,0.999,p9990,0.40268707275390625
1765446405.8400445,18,0.9999,p9999,1.0517501831054688
1765446405.8400445,18,,max,30.703125
1765446405.8400445,19,0.9,p9000,0.023275375366210938
1765446405.8400445,19,0.95,p9500,0.050037384033203125
1765446405.8400445,19,0.99,p9900,0.1464099884033203
1765446405.8400445,19,0.999,p9990,0.4376373291015625
1765446405.8400445,19,0.9999,p9999,2.022491455078125
1765446405.8400445,19,,max,19.064453125
1765446405.8400445,20,0.9,p9000,0.024684906005859375
1765446405.8400445,20,0.95,p9500,0.052814483642578125
1765446405.8400445,20,0.99,p9900,0.1513214111328125
1765446405.8400445,20,0.999,p9990,0.4341087341308594
1765446405.8400445,20,0.9999,p9999,1.216644287109375
1765446405.8400445,20,,max,13.111328125
1765446405.8400445,21,0.9,p9000,0.02581787109375
1765446405.8400445,21,0.95,p9500,0.0536956787109375
1765446405.8400445,21,0.99,p9900,0.15325927734375
1765446405.8400445,21,0.999,p9990,0.4358558654785156
1765446405.8400445,21,0.9999,p9999,1.1744766235351562
1765446405.8400445,21,,max,15.86328125
1765446405.8400445,22,0.9,p9000,0.02637481689453125
1765446405.8400445,22,0.95,p9500,0.0541534423828125
1765446405.8400445,22,0.99,p9900,0.1586456298828125
1765446405.8400445,22,0.999,p9990,0.46250152587890625
1765446405.8400445,22,0.9999,p9999,1.3264236450195312
1765446405.8400445,22,,max,19.583984375
1765446405.8400445,23,0.9,p9000,0.026580810546875
1765446405.8400445,23,0.95,p9500,0.05471038818359375
1765446405.8400445,23,0.99,p9900,0.1595325469970703
1765446405.8400445,23,0.999,p9990,0.49017333984375
1765446405.8400445,23,0.9999,p9999,1.2630157470703125
1765446405.8400445,23,,max,17.65234375
1765446405.8400445,24,0.9,p9000,0.027080535888671875
1765446405.8400445,24,0.95,p9500,0.0554656982421875
1765446405.8400445,24,0.99,p9900,0.162200927734375
1765446405.8400445,24,0.999,p9990,0.46198272705078125
1765446405.8400445,24,0.9999,p9999,1.3026580810546875
1765446405.8400445,24,,max,16.4140625
1765446405.8400445,25,0.9,p9000,0.03038787841796875
1765446405.8400445,25,0.95,p9500,0.06124114990234375
1765446405.8400445,25,0.99,p9900,0.17496109008789062
1765446405.8400445,25,0.999,p9990,0.5106582641601562
1765446405.8400445,25,0.9999,p9999,1.3070526123046875
1765446405.8400445,25,,max,15.34375
1765446405.8400445,26,0.9,p9000,0.034877777099609375
1765446405.8400445,26,0.95,p9500,0.06880950927734375
1765446405.8400445,26,0.99,p9900,0.19516372680664062
1765446405.8400445,26,0.999,p9990,0.5276260375976562
1765446405.8400445,26,0.9999,p9999,1.295196533203125
1765446405.8400445,26,,max,24.248046875
1765446405.8400445,27,0.9,p9000,0.040988922119140625
1765446405.8400445,27,0.95,p9500,0.08057785034179688
1765446405.8400445,27,0.99,p9900,0.233978271484375
1765446405.8400445,27,0.999,p9990,0.615234375
1765446405.8400445,27,0.9999,p9999,1.5880889892578125
1765446405.8400445,27,,max,18.349609375
1765446405.8400445,28,0.9,p9000,0.04943084716796875
1765446405.8400445,28,0.95,p9500,0.09799957275390625
1765446405.8400445,28,0.99,p9900,0.30908203125
1765446405.8400445,28,0.999,p9990,0.7275161743164062
1765446405.8400445,28,0.9999,p9999,1.6389923095703125
1765446405.8400445,28,,max,20.77734375
1765446405.8400445,29,0.9,p9000,0.062347412109375
1765446405.8400445,29,0.95,p9500,0.1259307861328125
1765446405.8400445,29,0.99,p9900,0.43060302734375
1765446405.8400445,29,0.999,p9990,0.8977813720703125
1765446405.8400445,29,0.9999,p9999,2.1925048828125
1765446405.8400445,29,,max,41.4140625
1765446405.8400445,30,0.9,p9000,0.1132965087890625
1765446405.8400445,30,0.95,p9500,0.23321533203125
1765446405.8400445,30,0.99,p9900,0.6506500244140625
1765446405.8400445,30,0.999,p9990,2.001922607421875
1765446405.8400445,30,0.9999,p9999,12.34423828125
1765446405.8400445,30,,max,4402.5
1765446405.8400445,31,0.9,p9000,0.5921630859375
1765446405.8400445,31,0.95,p9500,1.00146484375
1765446405.8400445,31,0.99,p9900,3.88433837890625
1765446405.8400445,31,0.999,p9990,14.05712890625
1765446405.8400445,31,0.9999,p9999,32.450439453125
1765446405.8400445,31,,max,65.6015625
1765446627.8038394,0,0.9,p9000,0.0030193328857421875
1765446627.8038394,0,0.95,p9500,0.0046482086181640625
1765446627.8038394,0,0.99,p9900,0.015155792236328125
1765446627.8038394,0,0.999,p9990,0.1205587387084961
1765446627.8038394,0,0.9999,p9999,1.2477264404296875
1765446627.8038394,0,,max,2.203125
1765446627.8038394,1,0.9,p9000,0.013486862182617188
1765446627.8038394,1,0.95,p9500,0.02103424072265625
1765446627.8038394,1,0.99,p9900,0.056854248046875
1765446627.8038394,1,0.999,p9990,0.31735992431640625
1765446627.8038394,1,0.9999,p9999,41.14697265625
1765446627.8038394,1,,max,1574.25
1765446627.8038394,2,0.9,p9000,0.0032701492309570312
1765446627.8038394,2,0.95,p9500,0.006267070770263672
1765446627.8038394,2,0.99,p9900,0.020313739776611328
1765446627.8038394,2,0.999,p9990,0.08037757873535156
1765446627.8038394,2,0.9999,p9999,0.3378753662109375
1765446627.8038394,2,,max,4.625
1765446627.8038394,3,0.9,p9000,0.0057277679443359375
1765446627.8038394,3,0.95,p9500,0.010204315185546875
1765446627.8038394,3,0.99,p9900,0.02685546875
1765446627.8038394,3,0.999,p9990,0.07074451446533203
1765446627.8038394,3,0.9999,p9999,0.17742919921875
1765446627.8038394,3,,max,2.59814453125
1765446627.8038394,4,0.9,p9000,0.011547088623046875
1765446627.8038394,4,0.95,p9500,0.0190277099609375
1765446627.8038394,4,0.99,p9900,0.04691314697265625
1765446627.8038394,4,0.999,p9990,0.12877845764160156
1765446627.8038394,4,0.9999,p9999,4.8048095703125
1765446627.8038394,4,,max,11.478515625
1765446627.8038394,5,0.9,p9000,0.011167526245117188
1765446627.8038394,5,0.95,p9500,0.018062591552734375
1765446627.8038394,5,0.99,p9900,0.043717384338378906
1765446627.8038394,5,0.999,p9990,0.1036691665649414
1765446627.8038394,5,0.9999,p9999,0.2493457794189453
1765446627.8038394,5,,max,3.372802734375
1765446627.8038394,6,0.9,p9000,0.011251449584960938
1765446627.8038394,6,0.95,p9500,0.019374847412109375
1765446627.8038394,6,0.99,p9900,0.052849769592285156
1765446627.8038394,6,0.999,p9990,0.136199951171875
1765446627.8038394,6,0.9999,p9999,0.3232765197753906
1765446627.8038394,6,,max,5.4169921875
1765446627.8038394,7,0.9,p9000,0.012973785400390625
1765446627.8038394,7,0.95,p9500,0.022417068481445312
1765446627.8038394,7,0.99,p9900,0.060822486877441406
1765446627.8038394,7,0.999,p9990,0.14677810668945312
1765446627.8038394,7,0.9999,p9999,0.3599205017089844
1765446627.8038394,7,,max,5.47216796875
1765446627.8038394,8,0.9,p9000,0.013471603393554688
1765446627.8038394,8,0.95,p9500,0.0240936279296875
1765446627.8038394,8,0.99,p9900,0.06789398193359375
1765446627.8038394,8,0.999,p9990,0.16225624084472656
1765446627.8038394,8,0.9999,p9999,0.3760032653808594
1765446627.8038394,8,,max,10.5068359375
1765446627.8038394,9,0.9,p9000,0.014118194580078125
1765446627.8038394,9,0.95,p9500,0.02581024169921875
1765446627.8038394,9,0.99,p9900,0.07303619384765625
1765446627.8038394,9,0.999,p9990,0.17791748046875
1765446627.8038394,9,0.9999,p9999,0.4076499938964844
1765446627.8038394,9,,max,8.859375
1765446627.8038394,10,0.9,p9000,0.015024185180664062
1765446627.8038394,10,0.95,p9500,0.028598785400390625
1765446627.8038394,10,0.99,p9900,0.07926177978515625
1765446627.8038394,10,0.999,p9990,0.20097923278808594
1765446627.8038394,10,0.9999,p9999,0.5251808166503906
1765446627.8038394,10,,max,3.83642578125
1765446627.8038394,11,0.9,p9000,0.015979766845703125
1765446627.8038394,11,0.95,p9500,0.030452728271484375
1765446627.8038394,11,0.99,p9900,0.08536720275878906
1765446627.8038394,11,0.999,p9990,0.20720863342285156
1765446627.8038394,11,0.9999,p9999,0.47417449951171875
1765446627.8038394,11,,max,7.037109375
1765446627.8038394,12,0.9,p9000,0.015096664428710938
1765446627.8038394,12,0.95,p9500,0.03008270263671875
1765446627.8038394,12,0.99,p9900,0.08828926086425781
1765446627.8038394,12,0.999,p9990,0.2174510955810547
1765446627.8038394,12,0.9999,p9999,0.5067024230957031
1765446627.8038394,12,,max,4.86865234375
1765446627.8038394,13,0.9,p9000,0.016511917114257812
1765446627.8038394,13,0.95,p9500,0.033512115478515625
1765446627.8038394,13,0.99,p9900,0.0960540771484375
1765446627.8038394,13,0.999,p9990,0.24821853637695312
1765446627.8038394,13,0.9999,p9999,0.6115341186523438
1765446627.8038394,13,,max,6.40625
1765446627.8038394,14,0.9,p9000,0.01685333251953125
1765446627.8038394,14,0.95,p9500,0.03513336181640625
1765446627.8038394,14,0.99,p9900,0.10244941711425781
1765446627.8038394,14,0.999,p9990,0.26200103759765625
1765446627.8038394,14,0.9999,p9999,0.6428108215332031
1765446627.8038394,14,,max,7.5849609375
1765446627.8038394,15,0.9,p9000,0.019123077392578125
1765446627.8038394,15,0.95,p9500,0.040035247802734375
1765446627.8038394,15,0.99,p9900,0.1181793212890625
1765446627.8038394,15,0.999,p9990,0.3345603942871094
1765446627.8038394,15,0.9999,p9999,0.7614364624023438
1765446627.8038394,15,,max,9.732421875
1765446627.8038394,16,0.9,p9000,0.021131515502929688
1765446627.8038394,16,0.95,p9500,0.0445404052734375
1765446627.8038394,16,0.99,p9900,0.1290435791015625
1765446627.8038394,16,0.999,p9990,0.3829002380371094
1765446627.8038394,16,0.9999,p9999,1.63555908203125
1765446627.8038394,16,,max,18.46484375
1765446627.8038394,17,0.9,p9000,0.019784927368164062
1765446627.8038394,17,0.95,p9500,0.04419708251953125
1765446627.8038394,17,0.99,p9900,0.132080078125
1765446627.8038394,17,0.999,p9990,0.36881256103515625
1765446627.8038394,17,0.9999,p9999,1.0131683349609375
1765446627.8038394,17,,max,11.494140625
1765446627.8038394,18,0.9,p9000,0.021778106689453125
1765446627.8038394,18,0.95,p9500,0.04822540283203125
1765446627.8038394,18,0.99,p9900,0.141357421875
1765446627.8038394,18,0.999,p9990,0.40268707275390625
1765446627.8038394,18,0.9999,p9999,1.0517501831054688
1765446627.8038394,18,,max,30.703125
1765446627.8038394,19,0.9,p9000,0.023275375366210938
1765446627.8038394,19,0.95,p9500,0.050037384033203125
1765446627.8038394,19,0.99,p9900,0.1464099884033203
1765446627.8038394,19,0.999,p9990,0.4376373291015625
1765446627.8038394,19,0.9999,p9999,2.022491455078125
1765446627.8038394,19,,max,19.064453125
1765446627.8038394,20,0.9,p9000,0.024684906005859375
1765446627.8038394,20,0.95,p9500,0.052814483642578125
1765446627.8038394,20,0.99,p9900,0.1513214111328125
1765446627.8038394,20,0.999,p9990,0.4341087341308594
1765446627.8038394,20,0.9999,p9999,1.216644287109375
1765446627.8038394,20,,max,13.111328125
1765446627.8038394,21,0.9,p9000,0.02581787109375
1765446627.8038394,21,0.95,p9500,0.0536956787109375
1765446627.8038394,21,0.99,p9900,0.15325927734375
1765446627.8038394,21,0.999,p9990,0.4358558654785156
1765446627.8038394,21,0.9999,p9999,1.1744766235351562
1765446627.8038394,21,,max,15.86328125
1765446627.8038394,22,0.9,p9000,0.02637481689453125
1765446627.8038394,22,0.95,p9500,0.0541534423828125
1765446627.8038394,22,0.99,p9900,0.1586456298828125
1765446627.8038394,22,0.999,p9990,0.46250152587890625
1765446627.8038394,22,0.9999,p9999,1.3264236450195312
1765446627.8038394,22,,max,19.583984375
1765446627.8038394,23,0.9,p9000,0.026580810546875
1765446627.8038394,23,0.95,p9500,0.05471038818359375
1765446627.8038394,23,0.99,p9900,0.1595325469970703
1765446627.8038394,23,0.999,p9990,0.49017333984375
1765446627.8038394,23,0.9999,p9999,1.2630157470703125
1765446627.8038394,23,,max,17.65234375
1765446627.8038394,24,0.9,p9000,0.027080535888671875
1765446627.8038394,24,0.95,p9500,0.0554656982421875
1765446627.8038394,24,0.99,p9900,0.162200927734375
1765446627.8038394,24,0.999,p9990,0.46198272705078125
1765446627.8038394,24,0.9999,p9999,1.3026580810546875
1765446627.8038394,24,,max,16.4140625
1765446627.8038394,25,0.9,p9000,0.03038787841796875
1765446627.8038394,25,0.95,p9500,0.06124114990234375
1765446627.8038394,25,0.99,p9900,0.17496109008789062
1765446627.8038394,25,0.999,p9990,0.5106582641601562
1765446627.8038394,25,0.9999,p9999,1.3070526123046875
1765446627.8038394,25,,max,15.34375
1765446627.8038394,26,0.9,p9000,0.034877777099609375
1765446627.8038394,26,0.95,p9500,0.06880950927734375
1765446627.8038394,26,0.99,p9900,0.19516372680664062
1765446627.8038394,26,0.999,p9990,0.5276260375976562
1765446627.8038394,26,0.9999,p9999,1.295196533203125
1765446627.8038394,26,,max,24.248046875
1765446627.8038394,27,0.9,p9000,0.040988922119140625
1765446627.8038394,27,0.95,p9500,0.08057785034179688
1765446627.8038394,27,0.99,p9900,0.233978271484375
1765446627.8038394,27,0.999,p9990,0.615234375
1765446627.8038394,27,0.9999,p9999,1.5880889892578125
1765446627.8038394,27,,max,18.349609375
1765446627.8038394,28,0.9,p9000,0.04943084716796875
1765446627.8038394,28,0.95,p9500,0.09799957275390625
1765446627.8038394,28,0.99,p9900,0.30908203125
1765446627.8038394,28,0.999,p9990,0.7275161743164062
1765446627.8038394,28,0.9999,p9999,1.6389923095703125
1765446627.8038394,28,,max,20.77734375
1765446627.8038394,29,0.9,p9000,0.062347412109375
1765446627.8038394,29,0.95,p9500,0.1259307861328125
1765446627.8038394,29,0.99,p9900,0.43060302734375
1765446627.8038394,29,0.999,p9990,0.8977813720703125
1765446627.8038394,29,0.9999,p9999,2.1925048828125
1765446627.8038394,29,,max,41.4140625
1765446627.8038394,30,0.9,p9000,0.1132965087890625
1765446627.8038394,30,0.95,p9500,0.23321533203125
1765446627.8038394,30,0.99,p9900,0.6506500244140625
1765446627.8038394,30,0.999,p9990,2.001922607421875
1765446627.8038394,30,0.9999,p9999,12.34423828125
1765446627.8038394,30,,max,4402.5
1765446627.8038394,31,0.9,p9000,0.5921630859375
1765446627.8038394,31,0.95,p9500,1.00146484375
1765446627.8038394,31,0.99,p9900,3.88433837890625
1765446627.8038394,31,0.999,p9990,14.05712890625
1765446627.8038394,31,0.9999,p9999,32.450439453125
1765446627.8038394,31,,max,65.6015625
1765448129.2403603,0,0.9,p9000,0.003345489501953125
1765448129.2403603,0,0.95,p9500,0.005146980285644531
1765448129.2403603,0,0.99,p9900,0.016769886016845703
1765448129.2403603,0,0.999,p9990,0.14239120483398438
1765448129.2403603,0,0.9999,p9999,1.298095703125
1765448129.2403603,0,,max,2.203125
1765448129.2403603,1,0.9,p9000,0.016590118408203125
1765448129.2403603,1,0.95,p9500,0.026012420654296875
1765448129.2403603,1,0.99,p9900,0.0733184814453125
1765448129.2403603,1,0.999,p9990,0.4394073486328125
1765448129.2403603,1,0.9999,p9999,76.2412109375
1765448129.2403603,1,,max,1605.0
1765448129.2403603,2,0.9,p9000,0.0023512840270996094
1765448129.2403603,2,0.95,p9500,0.003853321075439453
1765448129.2403603,2,0.99,p9900,0.01351022720336914
1765448129.2403603,2,0.999,p9990,0.07339191436767578
1765448129.2403603,2,0.9999,p9999,0.3471221923828125
1765448129.2403603,2,,max,4.625
1765448129.2403603,3,0.9,p9000,0.004263877868652344
1765448129.2403603,3,0.95,p9500,0.006945610046386719
1765448129.2403603,3,0.99,p9900,0.018089771270751953
1765448129.2403603,3,0.999,p9990,0.04698657989501953
1765448129.2403603,3,0.9999,p9999,0.1148672103881836
1765448129.2403603,3,,max,2.1689453125
1765448129.2403603,4,0.9,p9000,0.00923919677734375
1765448129.2403603,4,0.95,p9500,0.0148468017578125
1765448129.2403603,4,0.99,p9900,0.037819862365722656
1765448129.2403603,4,0.999,p9990,0.11260700225830078
1765448129.2403603,4,0.9999,p9999,5.5819091796875
1765448129.2403603,4,,max,11.498046875
1765448129.2403603,5,0.9,p9000,0.008937835693359375
1765448129.2403603,5,0.95,p9500,0.013072967529296875
1765448129.2403603,5,0.99,p9900,0.027401447296142578
1765448129.2403603,5,0.999,p9990,0.06676387786865234
1765448129.2403603,5,0.9999,p9999,0.1472148895263672
1765448129.2403603,5,,max,1.904296875
1765448129.2403603,6,0.9,p9000,0.008432388305664062
1765448129.2403603,6,0.95,p9500,0.012276649475097656
1765448129.2403603,6,0.99,p9900,0.02801513671875
1765448129.2403603,6,0.999,p9990,0.08179664611816406
1765448129.2403603,6,0.9999,p9999,0.19614028930664062
1765448129.2403603,6,,max,4.5234375
1765448129.2403603,7,0.9,p9000,0.009817123413085938
1765448129.2403603,7,0.95,p9500,0.013933181762695312
1765448129.2403603,7,0.99,p9900,0.030147552490234375
1765448129.2403603,7,0.999,p9990,0.09090995788574219
1765448129.2403603,7,0.9999,p9999,0.2123889923095703
1765448129.2403603,7,,max,4.55126953125
1765448129.2403603,8,0.9,p9000,0.009893417358398438
1765448129.2403603,8,0.95,p9500,0.014181137084960938
1765448129.2403603,8,0.99,p9900,0.0338287353515625
1765448129.2403603,8,0.999,p9990,0.10582637786865234
1765448129.2403603,8,0.9999,p9999,0.2326183319091797
1765448129.2403603,8,,max,9.7548828125
1765448129.2403603,9,0.9,p9000,0.0100555419921875
1765448129.2403603,9,0.95,p9500,0.014810562133789062
1765448129.2403603,9,0.99,p9900,0.035614013671875
1765448129.2403603,9,0.999,p9990,0.11618709564208984
1765448129.2403603,9,0.9999,p9999,0.25846099853515625
1765448129.2403603,9,,max,6.1806640625
1765448129.2403603,10,0.9,p9000,0.010650634765625
1765448129.2403603,10,0.95,p9500,0.015766143798828125
1765448129.2403603,10,0.99,p9900,0.04061126708984375
1765448129.2403603,10,0.999,p9990,0.12841033935546875
1765448129.2403603,10,0.9999,p9999,0.4821929931640625
1765448129.2403603,10,,max,4.720703125
1765448129.2403603,11,0.9,p9000,0.010808944702148438
1765448129.2403603,11,0.95,p9500,0.01678466796875
1765448129.2403603,11,0.99,p9900,0.045013427734375
1765448129.2403603,11,0.999,p9990,0.14052772521972656
1765448129.2403603,11,0.9999,p9999,0.3541069030761719
1765448129.2403603,11,,max,6.8056640625
1765448129.2403603,12,0.9,p9000,0.010227203369140625
1765448129.2403603,12,0.95,p9500,0.015428543090820312
1765448129.2403603,12,0.99,p9900,0.042252540588378906
1765448129.2403603,12,0.999,p9990,0.13869667053222656
1765448129.2403603,12,0.9999,p9999,0.3146476745605469
1765448129.2403603,12,,max,4.10498046875
1765448129.2403603,13,0.9,p9000,0.010629653930664062
1765448129.2403603,13,0.95,p9500,0.016536712646484375
1765448129.2403603,13,0.99,p9900,0.04829692840576172
1765448129.2403603,13,0.999,p9990,0.15602493286132812
1765448129.2403603,13,0.9999,p9999,0.4318084716796875
1765448129.2403603,13,,max,4.052734375
1765448129.2403603,14,0.9,p9000,0.010683059692382812
1765448129.2403603,14,0.95,p9500,0.016536712646484375
1765448129.2403603,14,0.99,p9900,0.052651405334472656
1765448129.2403603,14,0.999,p9990,0.16815185546875
1765448129.2403603,14,0.9999,p9999,0.39215087890625
1765448129.2403603,14,,max,5.69921875
1765448129.2403603,15,0.9,p9000,0.011915206909179688
1765448129.2403603,15,0.95,p9500,0.01924896240234375
1765448129.2403603,15,0.99,p9900,0.0654296875
1765448129.2403603,15,0.999,p9990,0.22946929931640625
1765448129.2403603,15,0.9999,p9999,0.49340057373046875
1765448129.2403603,15,,max,8.24609375
1765448129.2403603,16,0.9,p9000,0.012762069702148438
1765448129.2403603,16,0.95,p9500,0.021106719970703125
1765448129.2403603,16,0.99,p9900,0.06965827941894531
1765448129.2403603,16,0.999,p9990,0.23988723754882812
1765448129.2403603,16,0.9999,p9999,1.27362060546875
1765448129.2403603,16,,max,18.453125
1765448129.2403603,17,0.9,p9000,0.01094818115234375
1765448129.2403603,17,0.95,p9500,0.018939971923828125
1765448129.2403603,17,0.99,p9900,0.06817626953125
1765448129.2403603,17,0.999,p9990,0.23609161376953125
1765448129.2403603,17,0.9999,p9999,0.7660675048828125
1765448129.2403603,17,,max,9.828125
1765448129.2403603,18,0.9,p9000,0.011516571044921875
1765448129.2403603,18,0.95,p9500,0.0209503173828125
1765448129.2403603,18,0.99,p9900,0.07768440246582031
1765448129.2403603,18,0.999,p9990,0.24617576599121094
1765448129.2403603,18,0.9999,p9999,0.6845169067382812
1765448129.2403603,18,,max,29.90625
1765448129.2403603,19,0.9,p9000,0.012609481811523438
1765448129.2403603,19,0.95,p9500,0.02265167236328125
1765448129.2403603,19,0.99,p9900,0.07893562316894531
1765448129.2403603,19,0.999,p9990,0.2569904327392578
1765448129.2403603,19,0.9999,p9999,1.4691009521484375
1765448129.2403603,19,,max,15.900390625
1765448129.2403603,20,0.9,p9000,0.013418197631835938
1765448129.2403603,20,0.95,p9500,0.02373504638671875
1765448129.2403603,20,0.99,p9900,0.08049201965332031
1765448129.2403603,20,0.999,p9990,0.2435131072998047
1765448129.2403603,20,0.9999,p9999,0.6542282104492188
1765448129.2403603,20,,max,8.4375
1765448129.2403603,21,0.9,p9000,0.014318466186523438
1765448129.2403603,21,0.95,p9500,0.0254669189453125
1765448129.2403603,21,0.99,p9900,0.083526611328125
1765448129.2403603,21,0.999,p9990,0.23984527587890625
1765448129.2403603,21,0.9999,p9999,0.6183929443359375
1765448129.2403603,21,,max,8.0869140625
1765448129.2403603,22,0.9,p9000,0.014698028564453125
1765448129.2403603,22,0.95,p9500,0.025592803955078125
1765448129.2403603,22,0.99,p9900,0.08013916015625
1765448129.2403603,22,0.999,p9990,0.2358531951904297
1765448129.2403603,22,0.9999,p9999,0.6201248168945312
1765448129.2403603,22,,max,13.0947265625
1765448129.2403603,23,0.9,p9000,0.014753341674804688
1765448129.2403603,23,0.95,p9500,0.025249481201171875
1765448129.2403603,23,0.99,p9900,0.080780029296875
1765448129.2403603,23,0.999,p9990,0.2545738220214844
1765448129.2403603,23,0.9999,p9999,0.6684722900390625
1765448129.2403603,23,,max,7.77734375
1765448129.2403603,24,0.9,p9000,0.0147705078125
1765448129.2403603,24,0.95,p9500,0.025669097900390625
1765448129.2403603,24,0.99,p9900,0.08062744140625
1765448129.2403603,24,0.999,p9990,0.23341751098632812
1765448129.2403603,24,0.9999,p9999,0.6057205200195312
1765448129.2403603,24,,max,10.923828125
1765448129.2403603,25,0.9,p9000,0.016521453857421875
1765448129.2403603,25,0.95,p9500,0.029628753662109375
1765448129.2403603,25,0.99,p9900,0.0947723388671875
1765448129.2403603,25,0.999,p9990,0.2741355895996094
1765448129.2403603,25,0.9999,p9999,0.7311325073242188
1765448129.2403603,25,,max,12.55078125
1765448129.2403603,26,0.9,p9000,0.018798828125
1765448129.2403603,26,0.95,p9500,0.03397369384765625
1765448129.2403603,26,0.99,p9900,0.1102752685546875
1765448129.2403603,26,0.999,p9990,0.31156158447265625
1765448129.2403603,26,0.9999,p9999,0.7226104736328125
1765448129.2403603,26,,max,10.537109375
1765448129.2403603,27,0.9,p9000,0.0211181640625
1765448129.2403603,27,0.95,p9500,0.039825439453125
1765448129.2403603,27,0.99,p9900,0.14068984985351562
1765448129.2403603,27,0.999,p9990,0.42996978759765625
1765448129.2403603,27,0.9999,p9999,1.2237091064453125
1765448129.2403603,27,,max,12.5859375
1765448129.2403603,28,0.9,p9000,0.02495574951171875
1765448129.2403603,28,0.95,p9500,0.04877471923828125
1765448129.2403603,28,0.99,p9900,0.18560791015625
1765448129.2403603,28,0.999,p9990,0.5560302734375
1765448129.2403603,28,0.9999,p9999,1.0070648193359375
1765448129.2403603,28,,max,13.8193359375
1765448129.2403603,29,0.9,p9000,0.030818939208984375
1765448129.2403603,29,0.95,p9500,0.0623931884765625
1765448129.2403603,29,0.99,p9900,0.2928466796875
1765448129.2403603,29,0.999,p9990,0.6982192993164062
1765448129.2403603,29,0.9999,p9999,1.83636474609375
1765448129.2403603,29,,max,42.3046875
1765448129.2403603,30,0.9,p9000,0.0574188232421875
1765448129.2403603,30,0.95,p9500,0.1219329833984375
1765448129.2403603,30,0.99,p9900,0.52734375
1765448129.2403603,30,0.999,p9990,1.450408935546875
1765448129.2403603,30,0.9999,p9999,27.78173828125
1765448129.2403603,30,,max,2254.75
1765448129.2403603,31,0.9,p9000,0.406494140625
1765448129.2403603,31,0.95,p9500,0.711181640625
1765448129.2403603,31,0.99,p9900,2.39306640625
1765448129.2403603,31,0.999,p9990,8.8433837890625
1765448129.2403603,31,0.9999,p9999,19.826416015625
1765448129.2403603,31,,max,71.9453125
1765448331.9045122,0,0.9,p9000,0.003345489501953125
1765448331.9045122,0,0.95,p9500,0.005146980285644531
1765448331.9045122,0,0.99,p9900,0.016769886016845703
1765448331.9045122,0,0.999,p9990,0.14239120483398438
1765448331.9045122,0,0.9999,p9999,1.298095703125
1765448331.9045122,0,,max,2.203125
1765448331.9045122,1,0.9,p9000,0.016590118408203125
1765448331.9045122,1,0.95,p9500,0.026012420654296875
1765448331.9045122,1,0.99,p9900,0.0733184814453125
1765448331.9045122,1,0.999,p9990,0.4394073486328125
1765448331.9045122,1,0.9999,p9999,76.2412109375
1765448331.9045122,1,,max,1605.0
1765448331.9045122,2,0.9,p9000,0.0023512840270996094
1765448331.9045122,2,0.95,p9500,0.003853321075439453
1765448331.9045122,2,0.99,p9900,0.01351022720336914
1765448331.9045122,2,0.999,p9990,0.07339191436767578
1765448331.9045122,2,0.9999,p9999,0.3471221923828125
1765448331.9045122,2,,max,4.625
1765448331.9045122,3,0.9,p9000,0.004263877868652344
1765448331.9045122,3,0.95,p9500,0.006945610046386719
1765448331.9045122,3,0.99,p9900,0.018089771270751953
1765448331.9045122,3,0.999,p9990,0.04698657989501953
1765448331.9045122,3,0.9999,p9999,0.1148672103881836
1765448331.9045122,3,,max,2.1689453125
1765448331.9045122,4,0.9,p9000,0.00923919677734375
1765448331.9045122,4,0.95,p9500,0.0148468017578125
1765448331.9045122,4,0.99,p9900,0.037819862365722656
1765448331.9045122,4,0.999,p9990,0.11260700225830078
1765448331.9045122,4,0.9999,p9999,5.5819091796875
1765448331.9045122,4,,max,11.498046875
1765448331.9045122,5,0.9,p9000,0.008937835693359375
1765448331.9045122,5,0.95,p9500,0.013072967529296875
1765448331.9045122,5,0.99,p9900,0.027401447296142578
1765448331.9045122,5,0.999,p9990,0.06676387786865234
1765448331.9045122,5,0.9999,p9999,0.1472148895263672
1765448331.9045122,5,,max,1.904296875
1765448331.9045122,6,0.9,p9000,0.008432388305664062
1765448331.9045122,6,0.95,p9500,0.012276649475097656
1765448331.9045122,6,0.99,p9900,0.02801513671875
1765448331.9045122,6,0.999,p9990,0.08179664611816406
1765448331.9045122,6,0.9999,p9999,0.19614028930664062
1765448331.9045122,6,,max,4.5234375
1765448331.9045122,7,0.9,p9000,0.009817123413085938
1765448331.9045122,7,0.95,p9500,0.013933181762695312
1765448331.9045122,7,0.99,p9900,0.030147552490234375
1765448331.9045122,7,0.999,p9990,0.09090995788574219
1765448331.9045122,7,0.9999,p9999,0.2123889923095703
1765448331.9045122,7,,max,4.55126953125
1765448331.9045122,8,0.9,p9000,0.009893417358398438
1765448331.9045122,8,0.95,p9500,0.014181137084960938
1765448331.9045122,8,0.99,p9900,0.0338287353515625
1765448331.9045122,8,0.999,p9990,0.10582637786865234
1765448331.9045122,8,0.9999,p9999,0.2326183319091797
1765448331.9045122,8,,max,9.7548828125
1765448331.9045122,9,0.9,p9000,0.0100555419921875
1765448331.9045122,9,0.95,p9500,0.014810562133789062
1765448331.9045122,9,0.99,p9900,0.035614013671875
1765448331.9045122,9,0.999,p9990,0.11618709564208984
1765448331.9045122,9,0.9999,p9999,0.25846099853515625
1765448331.9045122,9,,max,6.1806640625
1765448331.9045122,10,0.9,p9000,0.010650634765625
1765448331.9045122,10,0.95,p9500,0.015766143798828125
1765448331.9045122,10,0.99,p9900,0.04061126708984375
1765448331.9045122,10,0.999,p9990,0.12841033935546875
1765448331.9045122,10,0.9999,p9999,0.4821929931640625
1765448331.9045122,10,,max,4.720703125
1765448331.9045122,11,0.9,p9000,0.010808944702148438
1765448331.9045122,11,0.95,p9500,0.01678466796875
1765448331.9045122,11,0.99,p9900,0.045013427734375
1765448331.9045122,11,0.999,p9990,0.14052772521972656
1765448331.9045122,11,0.9999,p9999,0.3541069030761719
1765448331.9045122,11,,max,6.8056640625
1765448331.9045122,12,0.9,p9000,0.010227203369140625
1765448331.9045122,12,0.95,p9500,0.015428543090820312
1765448331.9045122,12,0.99,p9900,0.042252540588378906
1765448331.9045122,12,0.999,p9990,0.13869667053222656
1765448331.9045122,12,0.9999,p9999,0.3146476745605469
1765448331.9045122,12,,max,4.10498046875
1765448331.9045122,13,0.9,p9000,0.010629653930664062
1765448331.9045122,13,0.95,p9500,0.016536712646484375
1765448331.9045122,13,0.99,p9900,0.04829692840576172
1765448331.9045122,13,0.999,p9990,0.15602493286132812
1765448331.9045122,13,0.9999,p9999,0.4318084716796875
1765448331.9045122,13,,max,4.052734375
1765448331.9045122,14,0.9,p9000,0.010683059692382812
1765448331.9045122,14,0.95,p9500,0.016536712646484375
1765448331.9045122,14,0.99,p9900,0.052651405334472656
1765448331.9045122,14,0.999,p9990,0.16815185546875
1765448331.9045122,14,0.9999,p9999,0.39215087890625
1765448331.9045122,14,,max,5.69921875
1765448331.9045122,15,0.9,p9000,0.011915206909179688
1765448331.9045122,15,0.95,p9500,0.01924896240234375
1765448331.9045122,15,0.99,p9900,0.0654296875
1765448331.9045122,15,0.999,p9990,0.22946929931640625
1765448331.9045122,15,0.9999,p9999,0.49340057373046875
1765448331.9045122,15,,max,8.24609375
1765448331.9045122,16,0.9,p9000,0.012762069702148438
1765448331.9045122,16,0.95,p9500,0.021106719970703125
1765448331.9045122,16,0.99,p9900,0.06965827941894531
1765448331.9045122,16,0.999,p9990,0.23988723754882812
1765448331.9045122,16,0.9999,p9999,1.27362060546875
1765448331.9045122,16,,max,18.453125
1765448331.9045122,17,0.9,p9000,0.01094818115234375
1765448331.9045122,17,0.95,p9500,0.018939971923828125
1765448331.9045122,17,0.99,p9900,0.06817626953125
1765448331.9045122,17,0.999,p9990,0.23609161376953125
1765448331.9045122,17,0.9999,p9999,0.7660675048828125
1765448331.9045122,17,,max,9.828125
1765448331.9045122,18,0.9,p9000,0.011516571044921875
1765448331.9045122,18,0.95,p9500,0.0209503173828125
1765448331.9045122,18,0.99,p9900,0.07768440246582031
1765448331.9045122,18,0.999,p9990,0.24617576599121094
1765448331.9045122,18,0.9999,p9999,0.6845169067382812
1765448331.9045122,18,,max,29.90625
1765448331.9045122,19,0.9,p9000,0.012609481811523438
1765448331.9045122,19,0.95,p9500,0.02265167236328125
1765448331.9045122,19,0.99,p9900,0.07893562316894531
1765448331.9045122,19,0.999,p9990,0.2569904327392578
1765448331.9045122,19,0.9999,p9999,1.4691009521484375
1765448331.9045122,19,,max,15.900390625
1765448331.9045122,20,0.9,p9000,0.013418197631835938
1765448331.9045122,20,0.95,p9500,0.02373504638671875
1765448331.9045122,20,0.99,p9900,0.08049201965332031
1765448331.9045122,20,0.999,p9990,0.2435131072998047
1765448331.9045122,20,0.9999,p9999,0.6542282104492188
1765448331.9045122,20,,max,8.4375
1765448331.9045122,21,0.9,p9000,0.014318466186523438
1765448331.9045122,21,0.95,p9500,0.0254669189453125
1765448331.9045122,21,0.99,p9900,0.083526611328125
1765448331.9045122,21,0.999,p9990,0.23984527587890625
1765448331.9045122,21,0.9999,p9999,0.6183929443359375
1765448331.9045122,21,,max,8.0869140625
1765448331.9045122,22,0.9,p9000,0.014698028564453125
1765448331.9045122,22,0.95,p9500,0.025592803955078125
1765448331.9045122,22,0.99,p9900,0.08013916015625
1765448331.9045122,22,0.999,p9990,0.2358531951904297
1765448331.9045122,22,0.9999,p9999,0.6201248168945312
1765448331.9045122,22,,max,13.0947265625
1765448331.9045122,23,0.9,p9000,0.014753341674804688
1765448331.9045122,23,0.95,p9500,0.025249481201171875
1765448331.9045122,23,0.99,p9900,0.080780029296875
1765448331.9045122,23,0.999,p9990,0.2545738220214844
1765448331.9045122,23,0.9999,p9999,0.6684722900390625
1765448331.9045122,23,,max,7.77734375
1765448331.9045122,24,0.9,p9000,0.0147705078125
1765448331.9045122,24,0.95,p9500,0.025669097900390625
1765448331.9045122,24,0.99,p9900,0.08062744140625
1765448331.9045122,24,0.999,p9990,0.23341751098632812
1765448331.9045122,24,0.9999,p9999,0.6057205200195312
1765448331.9045122,24,,max,10.923828125
1765448331.9045122,25,0.9,p9000,0.016521453857421875
1765448331.9045122,25,0.95,p9500,0.029628753662109375
1765448331.9045122,25,0.99,p9900,0.0947723388671875
1765448331.9045122,25,0.999,p9990,0.2741355895996094
1765448331.9045122,25,0.9999,p9999,0.7311325073242188
1765448331.9045122,25,,max,12.55078125
1765448331.9045122,26,0.9,p9000,0.018798828125
1765448331.9045122,26,0.95,p9500,0.03397369384765625
1765448331.9045122,26,0.99,p9900,0.1102752685546875
1765448331.9045122,26,0.999,p9990,0.31156158447265625
1765448331.9045122,26,0.9999,p9999,0.7226104736328125
1765448331.9045122,26,,max,10.537109375
1765448331.9045122,27,0.9,p9000,0.0211181640625
1765448331.9045122,27,0.95,p9500,0.039825439453125
1765448331.9045122,27,0.99,p9900,0.14068984985351562
1765448331.9045122,27,0.999,p9990,0.42996978759765625
1765448331.9045122,27,0.9999,p9999,1.2237091064453125
1765448331.9045122,27,,max,12.5859375
1765448331.9045122,28,0.9,p9000,0.02495574951171875
1765448331.9045122,28,0.95,p9500,0.04877471923828125
1765448331.9045122,28,0.99,p9900,0.18560791015625
1765448331.9045122,28,0.999,p9990,0.5560302734375
1765448331.9045122,28,0.9999,p9999,1.0070648193359375
1765448331.9045122,28,,max,13.8193359375
1765448331.9045122,29,0.9,p9000,0.030818939208984375
1765448331.9045122,29,0.95,p9500,0.0623931884765625
1765448331.9045122,29,0.99,p9900,0.2928466796875
1765448331.9045122,29,0.999,p9990,0.6982192993164062
1765448331.9045122,29,0.9999,p9999,1.83636474609375
1765448331.9045122,29,,max,42.3046875
1765448331.9045122,30,0.9,p9000,0.0574188232421875
1765448331.9045122,30,0.95,p9500,0.1219329833984375
1765448331.9045122,30,0.99,p9900,0.52734375
1765448331.9045122,30,0.999,p9990,1.450408935546875
1765448331.9045122,30,0.9999,p9999,27.78173828125
1765448331.9045122,30,,max,2254.75
1765448331.9045122,31,0.9,p9000,0.406494140625
1765448331.9045122,31,0.95,p9500,0.711181640625
1765448331.9045122,31,0.99,p9900,2.39306640625
1765448331.9045122,31,0.999,p9990,8.8433837890625
1765448331.9045122,31,0.9999,p9999,19.826416015625
1765448331.9045122,31,,max,71.9453125
1765449717.4951825,0,0.9,p9000,0.0034356117248535156
1765449717.4951825,0,0.95,p9500,0.0052700042724609375
1765449717.4951825,0,0.99,p9900,0.01709747314453125
1765449717.4951825,0,0.999,p9990,0.14537429809570312
1765449717.4951825,0,0.9999,p9999,1.3017425537109375
1765449717.4951825,0,,max,2.21142578125
1765449717.4951825,1,0.9,p9000,0.0173492431640625
1765449717.4951825,1,0.95,p9500,0.027133941650390625
1765449717.4951825,1,0.99,p9900,0.07740974426269531
1765449717.4951825,1,0.999,p9990,0.4607582092285156
1765449717.4951825,1,0.9999,p9999,83.994140625
1765449717.4951825,1,,max,1480.25
1765449717.4951825,2,0.9,p9000,0.0024242401123046875
1765449717.4951825,2,0.95,p9500,0.0040493011474609375
1765449717.4951825,2,0.99,p9900,0.014097213745117188
1765449717.4951825,2,0.999,p9990,0.07577228546142578
1765449717.4951825,2,0.9999,p9999,0.3826751708984375
1765449717.4951825,2,,max,4.625
1765449717.4951825,3,0.9,p9000,0.004329681396484375
1765449717.4951825,3,0.95,p9500,0.007095813751220703
1765449717.4951825,3,0.99,p9900,0.018321990966796875
1765449717.4951825,3,0.999,p9990,0.04796648025512695
1765449717.4951825,3,0.9999,p9999,0.1181793212890625
1765449717.4951825,3,,max,2.34912109375
1765449717.4951825,4,0.9,p9000,0.00931549072265625
1765449717.4951825,4,0.95,p9500,0.01493072509765625
1765449717.4951825,4,0.99,p9900,0.03786468505859375
1765449717.4951825,4,0.999,p9990,0.11327838897705078
1765449717.4951825,4,0.9999,p9999,5.75830078125
1765449717.4951825,4,,max,11.412109375
1765449717.4951825,5,0.9,p9000,0.009044647216796875
1765449717.4951825,5,0.95,p9500,0.013286590576171875
1765449717.4951825,5,0.99,p9900,0.027667999267578125
1765449717.4951825,5,0.999,p9990,0.06597328186035156
1765449717.4951825,5,0.9999,p9999,0.14200973510742188
1765449717.4951825,5,,max,2.5390625
1765449717.4951825,6,0.9,p9000,0.008487701416015625
1765449717.4951825,6,0.95,p9500,0.012310028076171875
1765449717.4951825,6,0.99,p9900,0.026737213134765625
1765449717.4951825,6,0.999,p9990,0.07436847686767578
1765449717.4951825,6,0.9999,p9999,0.15920257568359375
1765449717.4951825,6,,max,4.3125
1765449717.4951825,7,0.9,p9000,0.0097808837890625
1765449717.4951825,7,0.95,p9500,0.013759613037109375
1765449717.4951825,7,0.99,p9900,0.02770233154296875
1765449717.4951825,7,0.999,p9990,0.07601642608642578
1765449717.4951825,7,0.9999,p9999,0.1688251495361328
1765449717.4951825,7,,max,2.80615234375
1765449717.4951825,8,0.9,p9000,0.0098876953125
1765449717.4951825,8,0.95,p9500,0.0140533447265625
1765449717.4951825,8,0.99,p9900,0.030457019805908203
1765449717.4951825,8,0.999,p9990,0.09206867218017578
1765449717.4951825,8,0.9999,p9999,0.2060070037841797
1765449717.4951825,8,,max,7.8447265625
1765449717.4951825,9,0.9,p9000,0.010084152221679688
1765449717.4951825,9,0.95,p9500,0.014766693115234375
1765449717.4951825,9,0.99,p9900,0.0323486328125
1765449717.4951825,9,0.999,p9990,0.10189247131347656
1765449717.4951825,9,0.9999,p9999,0.2441234588623047
1765449717.4951825,9,,max,6.0107421875
1765449717.4951825,10,0.9,p9000,0.01070404052734375
1765449717.4951825,10,0.95,p9500,0.015790939331054688
1765449717.4951825,10,0.99,p9900,0.03833770751953125
1765449717.4951825,10,0.999,p9990,0.11769771575927734
1765449717.4951825,10,0.9999,p9999,0.43233489990234375
1765449717.4951825,10,,max,2.34765625
1765449717.4951825,11,0.9,p9000,0.010816574096679688
1765449717.4951825,11,0.95,p9500,0.01666259765625
1765449717.4951825,11,0.99,p9900,0.041778564453125
1765449717.4951825,11,0.999,p9990,0.13063430786132812
1765449717.4951825,11,0.9999,p9999,0.3500938415527344
1765449717.4951825,11,,max,6.2890625
1765449717.4951825,12,0.9,p9000,0.01026153564453125
1765449717.4951825,12,0.95,p9500,0.015478134155273438
1765449717.4951825,12,0.99,p9900,0.039467811584472656
1765449717.4951825,12,0.999,p9990,0.12403106689453125
1765449717.4951825,12,0.9999,p9999,0.2885932922363281
1765449717.4951825,12,,max,4.29833984375
1765449717.4951825,13,0.9,p9000,0.010644912719726562
1765449717.4951825,13,0.95,p9500,0.016523361206054688
1765449717.4951825,13,0.99,p9900,0.046036720275878906
1765449717.4951825,13,0.999,p9990,0.1479206085205078
1765449717.4951825,13,0.9999,p9999,0.4284477233886719
1765449717.4951825,13,,max,4.798828125
1765449717.4951825,14,0.9,p9000,0.01068878173828125
1765449717.4951825,14,0.95,p9500,0.01659393310546875
1765449717.4951825,14,0.99,p9900,0.050484657287597656
1765449717.4951825,14,0.999,p9990,0.15845489501953125
1765449717.4951825,14,0.9999,p9999,0.3652076721191406
1765449717.4951825,14,,max,5.6689453125
1765449717.4951825,15,0.9,p9000,0.011892318725585938
1765449717.4951825,15,0.95,p9500,0.019115447998046875
1765449717.4951825,15,0.99,p9900,0.06201171875
1765449717.4951825,15,0.999,p9990,0.22485733032226562
1765449717.4951825,15,0.9999,p9999,0.486358642578125
1765449717.4951825,15,,max,6.86328125
1765449717.4951825,16,0.9,p9000,0.012624740600585938
1765449717.4951825,16,0.95,p9500,0.02075958251953125
1765449717.4951825,16,0.99,p9900,0.0653839111328125
1765449717.4951825,16,0.999,p9990,0.23435211181640625
1765449717.4951825,16,0.9999,p9999,1.1578216552734375
1765449717.4951825,16,,max,18.44140625
1765449717.4951825,17,0.9,p9000,0.010768890380859375
1765449717.4951825,17,0.95,p9500,0.01854705810546875
1765449717.4951825,17,0.99,p9900,0.0632476806640625
1765449717.4951825,17,0.999,p9990,0.22801780700683594
1765449717.4951825,17,0.9999,p9999,0.7663421630859375
1765449717.4951825,17,,max,8.47265625
1765449717.4951825,18,0.9,p9000,0.011180877685546875
1765449717.4951825,18,0.95,p9500,0.02028656005859375
1765449717.4951825,18,0.99,p9900,0.073822021484375
1765449717.4951825,18,0.999,p9990,0.24231719970703125
1765449717.4951825,18,0.9999,p9999,0.697723388671875
1765449717.4951825,18,,max,29.875
1765449717.4951825,19,0.9,p9000,0.01219940185546875
1765449717.4951825,19,0.95,p9500,0.021846771240234375
1765449717.4951825,19,0.99,p9900,0.075103759765625
1765449717.4951825,19,0.999,p9990,0.2498493194580078
1765449717.4951825,19,0.9999,p9999,1.2140960693359375
1765449717.4951825,19,,max,15.90625
1765449717.4951825,20,0.9,p9000,0.012887954711914062
1765449717.4951825,20,0.95,p9500,0.0225830078125
1765449717.4951825,20,0.99,p9900,0.0749664306640625
1765449717.4951825,20,0.999,p9990,0.2154560089111328
1765449717.4951825,20,0.9999,p9999,0.5738906860351562
1765449717.4951825,20,,max,6.3056640625
1765449717.4951825,21,0.9,p9000,0.013713836669921875
1765449717.4951825,21,0.95,p9500,0.024200439453125
1765449717.4951825,21,0.99,p9900,0.07844734191894531
1765449717.4951825,21,0.999,p9990,0.21604156494140625
1765449717.4951825,21,0.9999,p9999,0.5258026123046875
1765449717.4951825,21,,max,12.8291015625
1765449717.4951825,22,0.9,p9000,0.013883590698242188
1765449717.4951825,22,0.95,p9500,0.023952484130859375
1765449717.4951825,22,0.99,p9900,0.0736846923828125
1765449717.4951825,22,0.999,p9990,0.21039581298828125
1765449717.4951825,22,0.9999,p9999,0.521270751953125
1765449717.4951825,22,,max,10.556640625
1765449717.4951825,23,0.9,p9000,0.013957977294921875
1765449717.4951825,23,0.95,p9500,0.023708343505859375
1765449717.4951825,23,0.99,p9900,0.0747833251953125
1765449717.4951825,23,0.999,p9990,0.2247447967529297
1765449717.4951825,23,0.9999,p9999,0.5869369506835938
1765449717.4951825,23,,max,11.43359375
1765449717.4951825,24,0.9,p9000,0.013895034790039062
1765449717.4951825,24,0.95,p9500,0.023761749267578125
1765449717.4951825,24,0.99,p9900,0.0745086669921875
1765449717.4951825,24,0.999,p9990,0.20754432678222656
1765449717.4951825,24,0.9999,p9999,0.5251121520996094
1765449717.4951825,24,,max,10.115234375
1765449717.4951825,25,0.9,p9000,0.015325546264648438
1765449717.4951825,25,0.95,p9500,0.027133941650390625
1765449717.4951825,25,0.99,p9900,0.0881805419921875
1765449717.4951825,25,0.999,p9990,0.259429931640625
1765449717.4951825,25,0.9999,p9999,0.7088623046875
1765449717.4951825,25,,max,8.9912109375
1765449717.4951825,26,0.9,p9000,0.017375946044921875
1765449717.4951825,26,0.95,p9500,0.03133392333984375
1765449717.4951825,26,0.99,p9900,0.10299873352050781
1765449717.4951825,26,0.999,p9990,0.3031883239746094
1765449717.4951825,26,0.9999,p9999,0.659698486328125
1765449717.4951825,26,,max,10.4130859375
1765449717.4951825,27,0.9,p9000,0.019321441650390625
1765449717.4951825,27,0.95,p9500,0.0361480712890625
1765449717.4951825,27,0.99,p9900,0.131683349609375
1765449717.4951825,27,0.999,p9990,0.4258918762207031
1765449717.4951825,27,0.9999,p9999,1.184722900390625
1765449717.4951825,27,,max,11.5810546875
1765449717.4951825,28,0.9,p9000,0.0224761962890625
1765449717.4951825,28,0.95,p9500,0.04412841796875
1765449717.4951825,28,0.99,p9900,0.169647216796875
1765449717.4951825,28,0.999,p9990,0.5531997680664062
1765449717.4951825,28,0.9999,p9999,0.97552490234375
1765449717.4951825,28,,max,8.3291015625
1765449717.4951825,29,0.9,p9000,0.027759552001953125
1765449717.4951825,29,0.95,p9500,0.05605316162109375
1765449717.4951825,29,0.99,p9900,0.26807403564453125
1765449717.4951825,29,0.999,p9990,0.6925582885742188
1765449717.4951825,29,0.9999,p9999,2.0592041015625
1765449717.4951825,29,,max,37.9609375
1765449717.4951825,30,0.9,p9000,0.05037689208984375
1765449717.4951825,30,0.95,p9500,0.106353759765625
1765449717.4951825,30,0.99,p9900,0.49420166015625
1765449717.4951825,30,0.999,p9990,1.3466033935546875
1765449717.4951825,30,0.9999,p9999,35.574951171875
1765449717.4951825,30,,max,2255.75
1765449717.4951825,31,0.9,p9000,0.37109375
1765449717.4951825,31,0.95,p9500,0.664794921875
1765449717.4951825,31,0.99,p9900,2.177734375
1765449717.4951825,31,0.999,p9990,8.2557373046875
1765449717.4951825,31,0.9999,p9999,19.081787109375
1765449717.4951825,31,,max,72.3125
1765449869.5224848,0,0.9,p9000,0.0034356117248535156
1765449869.5224848,0,0.95,p9500,0.0052700042724609375
1765449869.5224848,0,0.99,p9900,0.01709747314453125
1765449869.5224848,0,0.999,p9990,0.14537429809570312
1765449869.5224848,0,0.9999,p9999,1.3017425537109375
1765449869.5224848,0,,max,2.21142578125
1765449869.5224848,1,0.9,p9000,0.0173492431640625
1765449869.5224848,1,0.95,p9500,0.027133941650390625
1765449869.5224848,1,0.99,p9900,0.07740974426269531
1765449869.5224848,1,0.999,p9990,0.4607582092285156
1765449869.5224848,1,0.9999,p9999,83.994140625
1765449869.5224848,1,,max,1480.25
1765449869.5224848,2,0.9,p9000,0.0024242401123046875
1765449869.5224848,2,0.95,p9500,0.0040493011474609375
1765449869.5224848,2,0.99,p9900,0.014097213745117188
1765449869.5224848,2,0.999,p9990,0.07577228546142578
1765449869.5224848,2,0.9999,p9999,0.3826751708984375
1765449869.5224848,2,,max,4.625
1765449869.5224848,3,0.9,p9000,0.004329681396484375
1765449869.5224848,3,0.95,p9500,0.007095813751220703
1765449869.5224848,3,0.99,p9900,0.018321990966796875
1765449869.5224848,3,0.999,p9990,0.04796648025512695
1765449869.5224848,3,0.9999,p9999,0.1181793212890625
1765449869.5224848,3,,max,2.34912109375
1765449869.5224848,4,0.9,p9000,0.00931549072265625
1765449869.5224848,4,0.95,p9500,0.01493072509765625
1765449869.5224848,4,0.99,p9900,0.03786468505859375
1765449869.5224848,4,0.999,p9990,0.11327838897705078
1765449869.5224848,4,0.9999,p9999,5.75830078125
1765449869.5224848,4,,max,11.412109375
1765449869.5224848,5,0.9,p9000,0.009044647216796875
1765449869.5224848,5,0.95,p9500,0.013286590576171875
1765449869.5224848,5,0.99,p9900,0.027667999267578125
1765449869.5224848,5,0.999,p9990,0.06597328186035156
1765449869.5224848,5,0.9999,p9999,0.14200973510742188
1765449869.5224848,5,,max,2.5390625
1765449869.5224848,6,0.9,p9000,0.008487701416015625
1765449869.5224848,6,0.95,p9500,0.012310028076171875
1765449869.5224848,6,0.99,p9900,0.026737213134765625
1765449869.5224848,6,0.999,p9990,0.07436847686767578
1765449869.5224848,6,0.9999,p9999,0.15920257568359375
1765449869.5224848,6,,max,4.3125
1765449869.5224848,7,0.9,p9000,0.0097808837890625
1765449869.5224848,7,0.95,p9500,0.013759613037109375
1765449869.5224848,7,0.99,p9900,0.02770233154296875
1765449869.5224848,7,0.999,p9990,0.07601642608642578
1765449869.5224848,7,0.9999,p9999,0.1688251495361328
1765449869.5224848,7,,max,2.80615234375
1765449869.5224848,8,0.9,p9000,0.0098876953125
1765449869.5224848,8,0.95,p9500,0.0140533447265625
1765449869.5224848,8,0.99,p9900,0.030457019805908203
1765449869.5224848,8,0.999,p9990,0.09206867218017578
1765449869.5224848,8,0.9999,p9999,0.2060070037841797
1765449869.5224848,8,,max,7.8447265625
1765449869.5224848,9,0.9,p9000,0.010084152221679688
1765449869.5224848,9,0.95,p9500,0.014766693115234375
1765449869.5224848,9,0.99,p9900,0.0323486328125
1765449869.5224848,9,0.999,p9990,0.10189247131347656
1765449869.5224848,9,0.9999,p9999,0.2441234588623047
1765449869.5224848,9,,max,6.0107421875
1765449869.5224848,10,0.9,p9000,0.01070404052734375
1765449869.5224848,10,0.95,p9500,0.015790939331054688
1765449869.5224848,10,0.99,p9900,0.03833770751953125
1765449869.5224848,10,0.999,p9990,0.11769771575927734
1765449869.5224848,10,0.9999,p9999,0.43233489990234375
1765449869.5224848,10,,max,2.34765625
1765449869.5224848,11,0.9,p9000,0.010816574096679688
1765449869.5224848,11,0.95,p9500,0.01666259765625
1765449869.5224848,11,0.99,p9900,0.041778564453125
1765449869.5224848,11,0.999,p9990,0.13063430786132812
1765449869.5224848,11,0.9999,p9999,0.3500938415527344
1765449869.5224848,11,,max,6.2890625
1765449869.5224848,12,0.9,p9000,0.01026153564453125
1765449869.5224848,12,0.95,p9500,0.015478134155273438
1765449869.5224848,12,0.99,p9900,0.039467811584472656
1765449869.5224848,12,0.999,p9990,0.12403106689453125
1765449869.5224848,12,0.9999,p9999,0.2885932922363281
1765449869.5224848,12,,max,4.29833984375
1765449869.5224848,13,0.9,p9000,0.010644912719726562
1765449869.5224848,13,0.95,p9500,0.016523361206054688
1765449869.5224848,13,0.99,p9900,0.046036720275878906
1765449869.5224848,13,0.999,p9990,0.1479206085205078
1765449869.5224848,13,0.9999,p9999,0.4284477233886719
1765449869.5224848,13,,max,4.798828125
1765449869.5224848,14,0.9,p9000,0.01068878173828125
1765449869.5224848,14,0.95,p9500,0.01659393310546875
1765449869.5224848,14,0.99,p9900,0.050484657287597656
1765449869.5224848,14,0.999,p9990,0.15845489501953125
1765449869.5224848,14,0.9999,p9999,0.3652076721191406
1765449869.5224848,14,,max,5.6689453125
1765449869.5224848,15,0.9,p9000,0.011892318725585938
1765449869.5224848,15,0.95,p9500,0.019115447998046875
1765449869.5224848,15,0.99,p9900,0.06201171875
1765449869.5224848,15,0.999,p9990,0.22485733032226562
1765449869.5224848,15,0.9999,p9999,0.486358642578125
1765449869.5224848,15,,max,6.86328125
1765449869.5224848,16,0.9,p9000,0.012624740600585938
1765449869.5224848,16,0.95,p9500,0.02075958251953125
1765449869.5224848,16,0.99,p9900,0.0653839111328125
1765449869.5224848,16,0.999,p9990,0.23435211181640625
1765449869.5224848,16,0.9999,p9999,1.1578216552734375
1765449869.5224848,16,,max,18.44140625
1765449869.5224848,17,0.9,p9000,0.010768890380859375
1765449869.5224848,17,0.95,p9500,0.01854705810546875
1765449869.5224848,17,0.99,p9900,0.0632476806640625
1765449869.5224848,17,0.999,p9990,0.22801780700683594
1765449869.5224848,17,0.9999,p9999,0.7663421630859375
1765449869.5224848,17,,max,8.47265625
1765449869.5224848,18,0.9,p9000,0.011180877685546875
1765449869.5224848,18,0.95,p9500,0.02028656005859375
1765449869.5224848,18,0.99,p9900,0.073822021484375
1765449869.5224848,18,0.999,p9990,0.24231719970703125
1765449869.5224848,18,0.9999,p9999,0.697723388671875
1765449869.5224848,18,,max,29.875
1765449869.5224848,19,0.9,p9000,0.01219940185546875
1765449869.5224848,19,0.95,p9500,0.021846771240234375
1765449869.5224848,19,0.99,p9900,0.075103759765625
1765449869.5224848,19,0.999,p9990,0.2498493194580078
1765449869.5224848,19,0.9999,p9999,1.2140960693359375
1765449869.5224848,19,,max,15.90625
1765449869.5224848,20,0.9,p9000,0.012887954711914062
1765449869.5224848,20,0.95,p9500,0.0225830078125
1765449869.5224848,20,0.99,p9900,0.0749664306640625
1765449869.5224848,20,0.999,p9990,0.2154560089111328
1765449869.5224848,20,0.9999,p9999,0.5738906860351562
1765449869.5224848,20,,max,6.3056640625
1765449869.5224848,21,0.9,p9000,0.013713836669921875
1765449869.5224848,21,0.95,p9500,0.024200439453125
1765449869.5224848,21,0.99,p9900,0.07844734191894531
1765449869.5224848,21,0.999,p9990,0.21604156494140625
1765449869.5224848,21,0.9999,p9999,0.5258026123046875
1765449869.5224848,21,,max,12.8291015625
1765449869.5224848,22,0.9,p9000,0.013883590698242188
1765449869.5224848,22,0.95,p9500,0.023952484130859375
1765449869.5224848,22,0.99,p9900,0.0736846923828125
1765449869.5224848,22,0.999,p9990,0.21039581298828125
1765449869.5224848,22,0.9999,p9999,0.521270751953125
1765449869.5224848,22,,max,10.556640625
1765449869.5224848,23,0.9,p9000,0.013957977294921875
1765449869.5224848,23,0.95,p9500,0.023708343505859375
1765449869.5224848,23,0.99,p9900,0.0747833251953125
1765449869.5224848,23,0.999,p9990,0.2247447967529297
1765449869.5224848,23,0.9999,p9999,0.5869369506835938
1765449869.5224848,23,,max,11.43359375
1765449869.5224848,24,0.9,p9000,0.013895034790039062
1765449869.5224848,24,0.95,p9500,0.023761749267578125
1765449869.5224848,24,0.99,p9900,0.0745086669921875
1765449869.5224848,24,0.999,p9990,0.20754432678222656
1765449869.5224848,24,0.9999,p9999,0.5251121520996094
1765449869.5224848,24,,max,10.115234375
1765449869.5224848,25,0.9,p9000,0.015325546264648438
1765449869.5224848,25,0.95,p9500,0.027133941650390625
1765449869.5224848,25,0.99,p9900,0.0881805419921875
1765449869.5224848,25,0.999,p9990,0.259429931640625
1765449869.5224848,25,0.9999,p9999,0.7088623046875
1765449869.5224848,25,,max,8.9912109375
1765449869.5224848,26,0.9,p9000,0.017375946044921875
1765449869.5224848,26,0.95,p9500,0.03133392333984375
1765449869.5224848,26,0.99,p9900,0.10299873352050781
1765449869.5224848,26,0.999,p9990,0.3031883239746094
1765449869.5224848,26,0.9999,p9999,0.659698486328125
1765449869.5224848,26,,max,10.4130859375
1765449869.5224848,27,0.9,p9000,0.019321441650390625
1765449869.5224848,27,0.95,p9500,0.0361480712890625
1765449869.5224848,27,0.99,p9900,0.131683349609375
1765449869.5224848,27,0.999,p9990,0.4258918762207031
1765449869.5224848,27,0.9999,p9999,1.184722900390625
1765449869.5224848,27,,max,11.5810546875
1765449869.5224848,28,0.9,p9000,0.0224761962890625
1765449869.5224848,28,0.95,p9500,0.04412841796875
1765449869.5224848,28,0.99,p9900,0.169647216796875
1765449869.5224848,28,0.999,p9990,0.5531997680664062
1765449869.5224848,28,0.9999,p9999,0.97552490234375
1765449869.5224848,28,,max,8.3291015625
1765449869.5224848,29,0.9,p9000,0.027759552001953125
1765449869.5224848,29,0.95,p9500,0.05605316162109375
1765449869.5224848,29,0.99,p9900,0.26807403564453125
1765449869.5224848,29,0.999,p9990,0.6925582885742188
1765449869.5224848,29,0.9999,p9999,2.0592041015625
1765449869.5224848,29,,max,37.9609375
1765449869.5224848,30,0.9,p9000,0.05037689208984375
1765449869.5224848,30,0.95,p9500,0.106353759765625
1765449869.5224848,30,0.99,p9900,0.49420166015625
1765449869.5224848,30,0.999,p9990,1.3466033935546875
1765449869.5224848,30,0.9999,p9999,35.574951171875
1765449869.5224848,30,,max,2255.75
1765449869.5224848,31,0.9,p9000,0.37109375
1765449869.5224848,31,0.95,p9500,0.664794921875
1765449869.5224848,31,0.99,p9900,2.177734375
1765449869.5224848,31,0.999,p9990,8.2557373046875
1765449869.5224848,31,0.9999,p9999,19.081787109375
1765449869.5224848,31,,max,72.3125
